"","cock_id","cockname","alcohol","base","taste","contents"
"1",1,"가미카제 [   Kami Kaze ]","약 27˚","보드카","약간 쓴맛","가미카제는<U+00A0>제2차 세계대전 중에 자살공격으로 유명한 일본 공군을 가리키는 말이다. 이런 이름이 붙은 이유는 칵테일의 쏘는 듯한 맛 때문에 붙혀졌다.<U+00A0>흥미롭게도 카미카제라는 칵테일이 처음 만들어진 곳이 일본이 아니라 미국이다. 기호에 따라 화이트 퀴라소 대신에 코앙트로(Cointreau) 또는 트리플섹을 사용해도 된다. 셰이커에 보드카 1½, 화이트 퀴라소 ½온스, 라임 주스 ½온스와 얼음을 넣고 흔든 다음 칵테일 글라스에 따른다. 올드 패션드 글라스를 사용하는 경우도 있다. 단숨에 마시는 사람들부터 보드카의 맛을 서서히 음미하며 조금씩 마시는 사람까지 다양하게 즐기는 칵테일이다."
"2",2,"갓파더 [   Godfather ]","약 34˚","위스키","고소한 아몬드 향이 남","'갓파더(Godfather)' 칵테일은 갓마더(Godmother)라는 이름의 칵테일과 한쌍을 이룬다. 아몬드 향이 풍부한 이탈리아산 리큐어인 아마렛토(Amaretto)를 블랜딩하여 만들어지는 칵테일이며 주로 저녁 식사 후에 많이 애용한다. 스카치 위스키를 베이스로 사용하는데, 위스키 대신에 브랜디를 넣으면 프렌치 코넥션이라는 칵테일이 된다. 또한 위스키 대신 보드카를 넣으면 갓마더(Godmother) 칵테일이 된다. 올드 패션드 글라스에 스카치 위스키 1½온스와 아마렛토 ½온스를 첨가한 후 얼음을 넣어 만든다. 갓파더는 가톨릭에서 영세 받을 사람의 남자 후견인(대부 代父)을 말한다."
"3",3,"골든 드림 [   Golden Dream ]","약 16˚","리큐어","단맛","'골든 드림'은 꿈을 형상화한 칵테일이다. 칵테일은 생크림을 사용하여 금빛보다는 오히려 흰색에 가깝다. 맛이 부드럽기 때문에 식후에 디저트로 마시기 좋으며 드림이라는 이름을 사용하였듯이 잠자기 전에 마시기에도 좋다. 갈리아노가 아름다운 색배합을 만들어 내고 바닐라와 오렌지가 조화를 이룬다. 셰이커에 얼음과 갈리아노 1온스, 화이트 퀴라소 ½온스, 오렌지 주스 ½온스, 생크림 ½온스를 넣는다. 이 때 생크림이 들어가기 때문에 잘 흔들어 주어야 하며 적당한 거품으로 시각적인 효과도 좋다."
"4",4,"골든 캐딜락 [   Golden Cadillac ]","약 16˚","리큐어","달콤한 맛","캐딜락은 미국을 대표하는 최고급 자동차의 이름으로 '아메리칸 드림(American Dream)'의 상징이기도 하다. '골든 캐딜락'은 그 이름에 맞게 품위 있고 화려한 칵테일이다. 골든이라는 말이 '이 칵테일을 마시고 대부호가 된 것 같은 기분을 맛보라'고 하는 것 같다. '갈리아노'는 밀라노산 오렌지와 제비꽃의 향기를 담고있는 달콤한 맛의 리큐어로 칵테일의 맛을 한층 고급스럽게 한다. 부드럽고 달콤한 맛이 식후주로 적당하다. 셰이커에 얼음과 갈리아노 1온스, 크렘 드 카카오(화이트) 1온스, 생크림 1온스를 넣고 잘 흔든 다음 칵테일 글라스에 따른다. 이 때 생크림을 사용하기 때문에 충분히 흔들어 주어야 한다. 명차의 이름을 가진 칵테일에는 '롤스 로이스(Rolls Royce)'도 있는데 이것은 진과 베르무트로 만든다."
"5",5,"그래스호퍼 [   Grasshopper ]","약 14˚","리큐어","달콤한 맛","그래스호퍼란 '메뚜기' 혹은 '여치'를 말한다. 완성된 색이 연한 초록빛을 띠기 때문에 그 색으로부터 유래된 이름이다. 크렘 드 망트의 상큼한 향기와 크렘 드 카카오(화이트)의 달콤한 맛에 생크림을 가미하여 만드는 이 칵테일은 디저트 대용으로 즐겨도 좋다. 여성들이 특히 좋아하는 칵테일인데, 크렘 드 망트(그린)의 양을 늘리거나 브랜디를 조금 가미하면 남성들의 식후주로도 충분히 즐길 수 있다. 셰이커에 얼음과 크렘 드 카카오(화이트) 1온스, 크렘 드 망트(그린) 1온스, 생크림 1온스를 넣고 잘 흔든 다음 샴페인 글라스 또는 칵테일 글라스에 따른다."
"6",6,"그린 아이즈 [   Green Eyes ]","약 11˚","럼","조금 달콤한 맛","1983년 전미 칵테일 경연대회에서 서부지역 1위(롱 드링크 부분)에 올라 이듬해 제23회 올림픽경기대회 공식 드링크로 지정된 칵테일이다. 레스토랑 '르 프르미엘'의 알버트 레페티씨가 고안했다. 럼과 멜론 리큐어의 조화가 뛰어난 프로즌(Frozen) 스타일이다. 블렌더에 얼음과 골든 럼 1온스, 미도리(멜론 리큐어) 1온스, 파인애플 주스 1½온스, 코코넛 밀크 ½온스, 라임 주스 ½온스를 넣고 간 다음 트로피컬 글라스 또는 그랑드 글라스에 따르고 슬라이스 라임으로 장식한다.- 프로즌 스타일 : 크러시드 아이스와 재료를 블렌더에 넣고 갈아서 빙과 상태로 만드는 스타일. 슬러시와 비슷한 느낌의 칵테일."
"7",7,"기브슨 [   Gibson ]","약 36˚","진","쓴맛","미국 뉴욕의 플레이스 클럽에서 1890년대의 유명한 화가 찰스 다나 기브슨이 즐겨 마시면서 이름이 붙었다. 마티니와 같은 재료를 사용하지만<U+00A0>기브슨은 글라스를 차게 하여 표면에 성에가 생기도록 하며 진주를 연상케 하는 아름다운 광택의<U+00A0>칵테일 어니언이 첨가되기<U+00A0>때문에 우아한 분위기를 느낄 수 있는<U+00A0>칵테일이다. 베이스를 보드카로 대신 사용하면 '보드카 기브슨(Vodka Gibson)'이 된다. 믹싱 글라스에 드라이 진 1½온스, 드라이 베르무트 ½온스와 얼음을 넣고 잘 저어준 후 차게 만든 칵테일 글라스에 칵테일 어니언 장식으로 마무리 한다."
"8",8,"김렛 [   Gimlet ]","약 30˚","진","쓴맛","김렛(Gimlet)이란 목공 도구의 하나로 와인 병따개와 비슷한 모양을 한 나사 송곳이다. 칵테일의 이름도 송곳 같이 날카롭게 찌르는 맛 때문에 붙여졌다.<U+00A0>라임 주스의<U+00A0>쓴맛이 나는 것을 좋아하는 사람들에게 애음되고 있는데, 처음 만들어졌을 때는 코디얼 라임 주스를 사용해 단맛이 많이 났었다. 드라이 진 대신 보드카를 넣으면 '보드카 김렛(Vodka Gimlet)'이 되며, 얼음을 넣어<U+00A0>글라스를 온 더 락스(On The Rocks)로 마시면 '진 라임(Gin & Lime)', 진 라임에 탄산을 부어 저으면 '진 리키(Gin Rikey)'가 된다. 드라이 진 1½온스, 라임 주스 ½온스와 설탕시럽 1티스푼을 얼음과 셰이커에 넣고 흔든 후 칵테일 글라스에 따른다."
"9",9,"네그로니 [   Negroni ]","약 25˚","진","쌉쌀한 맛","네그로니라는 것은 이탈리아의 카미로 네그로니 백작을 이르는 말이다. 네그로니 백작이 즐겨 마셨던 식전주라고 알려져 있다. 피렌체에 있는 유명한 레스토랑 카소니의 바텐더가 1962년 백작의 허락으로 '네그로니'라고 발표했다. 캄파리의 쌉쌀한 맛이 특징이다. 얼음을 넣은 올드 패션드 글라스에 드라이 진 ⅔온스, 캄파리 ⅔온스, 스위트 베르무트 ⅔온스를 따르고 바스푼으로 가볍게 젓는다. 레몬필 또는 오렌지 슬라이스로 글라스 가장자리를 장식한다."
"10",10,"뉴욕 [   New york ]","약 28˚","위스키","약간 쓴맛","미국의 대도시 뉴욕의 이름을 그대로 붙인 칵테일이다. 뉴욕에 해가 떠오르는 모습을 연상하게 하는 화려한 색채와 자극적이지 않은 맛으로 전 세계인들로부터 사랑을 받고 있다. 베이스가 되는 위스키는 미국에서 생산된 아메리칸 또는 버번을 사용한다.<U+00A0>가장 나중에는 오렌지를 짜 넣어 상큼함을 더한다.<U+00A0>아메리칸 위스키 1½온스, 라임 주스 또는 레몬 주스 ½온스, 그레나딘 시럽 1티스푼, 설탕 1티스푼과 얼음을 셰이커에 넣고 흔든 다음 글라스에 따른다. 오렌지 슬라이스 또는 레몬필로 장식한다."
"11",11,"니콜라스치카 [   Nikolaschika ]","약 41˚","브랜디","새콤달콤한 맛","독일의 함부르크에서 처음 만들어진 칵테일로 니콜라스키라고도 한다. 이 칵테일은 뭐니뭐니해도 맛보는 방법이 특징이다. 우선, 글라스 위에 슬라이스 레몬을 놓고 그 위에 설탕을 놓아둔다. 그 다음 레몬 사이에 설탕을 끼워<U+00A0>한 입에 넣고, 레몬즙과 설탕의 맛이 입 안에 넓게 퍼지도록 가볍게 깨문다. 단맛이 넓게 퍼질 무렵 브랜디를 마신다.<U+00A0>입 안을 믹싱 글라스처럼 이용하는 빌드형 드링크인 것이다. 만드는 법은 리큐어 글라스에 브랜디를 적당량 따르고, 그 위에 설탕을 놓은 슬라이스 레몬를 뚜껑처럼 덮으면 된다."
"12",12,"다이키리 [   Daiquiri ]","약 30˚","럼","약간 신맛과 단맛","다이키리는 쿠바의 도시 산차고 교외에 있는 광산의 이름이다. 1896년경 폭염 속에서 땀을 흘리던 이 광산 기술자들 속에서 생겨났다고 하는데 다른 의견도 많다. 다이키리라는 이름은 나중에 미국 기술원조단의 일원으로 이 광산에서 기사로 일하고 있던 제닝스 콕스에 의해 붙여졌다. 럼 베이스의 대표적인 칵테일이다. 신맛과 단맛의 조화가 뛰어나다. 셰이커에 얼음과 화이트 럼 1½온스, 라임 주스 ½온스, 설탕 2티스푼을 넣고 잘 흔든 다음 칵테일 글라스에 따른다. 이 레시피에 외에 가미하는 리큐어에 따라 '스트로베리 다이키리', '카시스 다이키리', '비터스 다이키리' 등이 된다."
"13",13,"드림 [   Dream ]","약 33˚","브랜디","강하고 쓰면서 달콤함","'꿈'이라는 이름의 고전적인 칵테일로 그 이름 그대로 잠들기 바로 전에 마시는 술이다. 브랜디가 가진 방향, 오렌지 퀴라소의 적당한 단맛, 페르노의 약초향이 어우러져 기분 좋은 취기를 느낄 수 있다. 로맨틱한 무드를 연출하기에 좋기 때문에 여성들에게 인기 있는 칵테일이기도 하다. 셰이커에 브랜디 1½온스, 오렌지 퀴라소 ½온스, 페르노(Pernod) 1대시를 얼음과 함께 넣고 흔든 다음 글라스에 따른다."
"14",14,"러스티 네일 [   Rusty Nail ]","약 36˚","위스키","벌꿀향이 나는 약간 단맛","'녹슨 발톱' 또는 '고풍스러운'이라는 의미를 지닌 칵테일이다. 위스키로 만든 리큐어 가운데 가장 역사가 깊은 드람브이(Drambuie)를 사용하는 것이 특징이다. 드람브이는 스카치 위스키에 벌꿀과 허브를 첨가하여 단맛이 강하다. 위스키의 쓴맛과 드람브이의 단맛이 적절히 조화된 러스티 네일은 식후에 마시기 좋은 칵테일로 손꼽힌다. 여기에 오렌지 비터스를 두방울 넣으면 '스카치 킬트'라는 칵테일이 된다. 올드 패션드 글라스에 스카치 위스키 1½온스, 드람브이 ½온스를 따른 후 크러시드 아이스(잘게 부순 얼음)를 넣고 가볍게 저어서 만든다."
"15",15,"러시안 [   Russian ]","약 33˚","보드카","조금 단맛","러시아를 대표하는 술인 보드카를 베이스로 한 이름 그대로 '러시아의 칵테일'이다. 보드카와 드라이 진, 2가지 강한 술을 크렘 드 카카오의 단맛이 부드럽게 감싸고 있다. 혀에 닿는 맛이 좋은 대신에 도수가 상당히 높아서 레이디 킬러 칵테일로도 유명하다. 식후에 적합한 칵테일이다. 셰이커에 얼음과 보드카 ⅔온스, 드라이 진 ⅔온스, 크렘 드 카카오 ⅔온스를 붓고 잘 흔든 다음 칵테일 글라스에 따른다."
"16",16,"레드 아이 [   Red Eye ]","약 3˚","비어","약간 쓴맛","토마토 주스로 숙취시의 '충혈된 눈'을 표현한 칵테일이다. 이름에서도 풍기듯이 해장술로 적당한 칵테일로도 알려져 있다. 미국인들이 칵테일 재료가 없을 때 무엇이든 토마토 주스나 세븐 업에 섞어서 마셨던 풍토에서 탄생했다고 한다. 기본 레시피에는 비어와 토마토 주스의 배합이 반반이지만 기호에 따라 조절할 수 있다. 재료는 모두 아주 차게 식혀 두어야 한다. 아주 차게 식힌 토마토 주스 Half, 비어 Half를 하이 볼 글라스 또는 비어 머그 글라스에 부은 다음 가볍게 젓는다. 서양에서는 마지막에 달걀 노른자를 넣기도 한다."
"17",17,"레인보우 [   Rainbow ]","약 36˚","리큐어","달콤한 맛","그레나딘 시럽, 크렘 드 카카오, 크렘 드 바이올렛, 블루 퀴라소, 메론 리큐어(갈리아노), 트피플섹, 브랜디의 7가지 재료로 '무지개'를 표현한 푸스카페 스타일의 칵테일이다. 재료에 제한은 없지만, 난이도가 있는 칵테일이기 때문에 제조는 프로에게 맡기는 편이 좋다. 마시기 전에 브랜디에 불을 붙이면 로맨틱한 분위기가 한층 무르익는다. 마실 때는 불을 끄고 짧게 자른 빨대로 좋아하는 층을 골라서 마신다. 마시기만 하는 것이 아니라 보고 즐기는 칵테일이라고 할 수 있다. 그레나딘 시럽 1/7, 크렘 드 카카오 브라운 1/7, 크렘 드 민트그린 1/7, 블루 퀴라소 1/7, 갈리아노 1/7, 트리플섹 1/7, 브랜디 1/7을 순서대로 천천히 글라스에 따른다.- 레인보우 칵테일은 맨 아래층에 그레나딘 시럽과 맨 윗층에 브랜디를 사용하되, 중간층 리큐어는 다른 리큐어를 써도 섞이지 않게 층층이 쌓으면 된다."
"18",18,"로브 로이 [   Rob Roy ]","약 32˚","위스키","단맛","로브 로이는 '빨간 머리 로버트'라는 의미인데, 가난한 사람들에게 금품을 나누어 주어 의적으로 추앙받던 스코틀랜드 출생 인물인 로버트 맥두겔의 애칭이다. 이 칵테일은 '스카치 맨해튼'이라고도 불리기도 하는데, 이름처럼 스카치 위스키를 베이스로 사용한다. 맨해튼처럼 여러가지 변화를 주어 즐길 수 있다. 스카치 위스키 1½온스, 스위트 베르무트(Sweet Vermouth) ⅔온스, 앙고스투라 비터스 1대시와 얼음을 믹싱 글라스에 넣고 저은 후 글라스에 따른다. 기호에 따라 레몬필 또는 체리를 넣어 장식한다."
"19",19,"롱 아일랜드 아이스티 [   Long Island Iced Tea ]","약 19˚","진","깔끔한 맛","이름에 있는 아이스티는 완성된 맛과 색채 때문에 붙었다. 홍차를 사용하지 않고 홍차의 색과 맛을 만들어 내는 칵테일이다. 드라이 진, 보드카, 화이트 럼, 테킬라라는 정주 4종류를 넣기 때문에 보기보다 진한 맛을 느낄 수 있는 칵테일이다. 크러시드 아이스(잘게 부순 얼음)를 채운 글라스에 드라이 진 ½온스, 보드카 ½온스, 화이트 럼 ½온스, 테킬라 ½온스, 화이트 퀴라소 ½온스, 레몬 주스 30㎖, 설탕 시럽 1티스푼, 콜라 적당량을 순서대로 따른다. 바스푼으로 가볍게 저은 다음 레몬과 빨대를 장식한다."
"20",20,"마르가리타 [   Margarita ]","약 30˚","테킬라","약간 새콤한 맛","1949년에 개최된 전미 칵테일 콘테스트 입선작으로 존 듀레서씨가 고안한 칵테일이다. 불행하게 죽은 그의 연인 '마르가리타'의 이름을 붙여 출품하였다고 한다. 코앙도르를 블루 큐라소로 변화시키면 블루 마르가리타라는 이름의 칵테일이 된다. 칵테일<U+00A0>글라스에 레몬이나 라임으로 가장자리를 적신 후 소금을 묻혀 스노우 스타일로 장식해 둔다. 얼음과 함께 테킬라 2/4, 코앙트로 1/4, 라임 주스 1/4를 셰이커에 넣고 흔든 다음 준비해 둔 글라스에 따른다."
"21",21,"마이애미 [   Miami ]","약 33˚","럼","조금 쓴맛","미국 플로리다에 위치한 비치 리조트 지대인 '마이애미'의 이름을 붙인 칵테일이다. 마이애미는 카리브 해를 끼고 쿠바와도 가까워 일찍부터 럼을 즐겨왔다. 카리브 해로부터 불어오는 산들바람을 페퍼민트(화이트)로 표현한 달콤하고 상쾌한 칵테일이다. 알코올 도수가 높은 라이트 럼을 페퍼민트(화이트)와 레몬 주스가 부드럽게 감싸 청량감이 풍부한 칵테일이다. 셰이커에 얼음과 화이트 럼 1½온스, 페퍼민트(화이트) ½온스, 레몬 주스 1티스푼을 넣고 잘 흔든 다음 글라스에 따른다."
"22",22,"마이타이 [   Mai tai ]","약 25˚","럼","약간 단맛","마이타이란 타이티어로 '최고'라는 의미이다. 오클랜드에 있는 폴리네시안 레스토랑인 '토레다 빅스'의 사장인 빅터 J. 바지로가 고안한 트로피칼 칵테일이다. 전세계적으로 사랑받고 있는 문자 그대로 '최고'인 트로피컬 칵테일이다. 장식의 화려함과 칵테일의 색 배합과 그 실루엣은 아름답기로 유명하다. 전세계에 레시피가 알려져서 럼만 타면 즉석에서 만들 수 있도록 한<U+00A0>마이타이믹스, 완제품을 병에 담아 놓은 것 등 미국을 중심으로 다양한 제품이 나와 있다. 셰이커에 화이트 럼 1~1½온스, 오렌지 퀴라소 1티스푼, 파인애플 주스 2티스푼, 오렌지 주스 2티스푼, 레몬 주스 1티스푼을 넣어 잘 흔든 다음 크러시드 아이스(잘게 부순 얼음)을 채운 글라스에 따라 다크 럼을 띄우고 계절 꽃과 과일로 장식한다. 다른 유형의 마이타이 칵테일도 있다."
"23",23,"마타도르 [   Matador ]","약 15˚","테킬라","단맛","마타도르는 투우 경기 때 최후에 등장하여 소에게 마지막 일격을 가하는 '투우장의 주역'이라는 의미이다. 용맹한 이름과는 대조적으로 완성된 칵테일의 상쾌한 색배합은 지극히 여성적이다. 파인애플 주스의 달콤함과 라임 주스의 적절한 신맛을 과일 특유의 상쾌한 맛으로 마무리하고 있다. 장식으로는 슬라이스 레몬을 써도 좋다. 셰이커에 얼음과 테킬라 1온스, 파인애플 주스 1½온스, 라임 주스 ½온스를 넣고 잘 흔든 다음 글라스에 따른다."
"24",24,"마티니 [   martini ]","약 34˚","진","쌉쌀한 맛","진에 베르무트를 섞은 후 올리브로 장식한 무색 투명한 칵테일이다. 냄새는 향긋하지만<U+00A0>강한 쓴맛이 난다. 주로 식전에 마신다. 마티니라는 이름은 베르무트를 생산하는 회사인 이탈리아의 '마티니 앤 로시(Martini & Rossi)'의 이름에서 유래되었다.<U+00A0>진과 베르무트의 배합 비율에 따라 맛이 달라진다. 드라이 진과 드라이 베르무트를 3:1로 배합하는 것을 기본으로 한다. 얼음을 넣어 온더락스로 할 수도 있다. 스위트 마티니는 드라이 진과 스위트 베르무트의 비율을 2:1, 미디엄 마티니는 드라이 진과 드라이 베르무트의 비율을 2:1/2, 드라이 마티니는 드라이 진과 베르무트의 비율을 5:1, 엑스트라 마티니는 7:1로 한다. 만드는 방법은 믹싱글라스에 얼음·진·베르무트를 넣는다. 내용물을 저은 후 잔에 따르고 올리브로 장식한다. 맛을 좋게 하기 위하여 단단하고 물기가 없는 얼음을 사용한다. 또 너무 오래 저어서 얼음이 녹지 않게 해야 한다."
"25",25,"마티니 드라이 [   Martini Dry ]","약 35˚","진","쓴맛","마티니를 변화시킨 칵테일 중의 하나이다. 어니스트 헤밍웨이가 애음했다는 칵테일로 유명한데, 그의 작품에 때때로 등장한다. 쓴맛이 강해 식전에 먹으면 좋은 칵테일이다. 베이스인 드라이 진을 위스키로 바꾸면 위스키 마티니가 되고, 테킬라로 바꾸면 테킬라 마티니라는 칵테일이 된다. 얼음을 넣은 믹싱 글라스에 드라이 진 2온스, 드라이 베르무트(Dry Vermouth) 1티스푼을 넣는다. 바스푼으로 재료를 섞은 다음 글라스에 따르고 칵테일 핀에 꽂은 올리브를 장식한다. 기호에 따라 레몬 필을 장식한다."
"26",26,"맨해튼 [   Manhattan ]","약 32˚","위스키","약간 쓴맛","19세기 중반부터 세계인들이 즐겨 마셨던 칵테일로 '칵테일의 여왕'이라고도 부른다. 맨해튼이라는 이름은 제19대 미국대통령선거 때 윈스턴 처칠의 어머니가 맨해튼클럽에서 파티를 열었을때 처음 선보인 칵테일이기 때문에 붙여졌다는 설과 메릴랜드주의 바텐더가 상처 입은 무장경비원의 사기를 북돋아 주려고 만들었다고 하는 설 등 다수가 있다. 보통의 맨해튼은 아메리칸 위스키를 베이스로 만들며 스위트 베르무트와 앙고스투라 비터스를 사용한다. 버번 위스키를 베이스로 하는 경우도 있다. 아메리칸 위스키 1½온스, 스위트 베르무트(Sweet Vermouth) ⅔온스, 앙고스투라 비터스(Angostura Bitters) 1대시를 믹싱글라스에 넣고 바스푼으로 저은 후<U+00A0>체리로 장식한다."
"27",27,"모스크바 뮬 [   Moscow Mule ]","약 15˚","보드카","조금 달콤한 맛","모스크바 뮬은 '모스크바의 노새'라는 의미이다. 또한 뮬에는 '킥이 강한 음료' 즉 '노새의 뒷발에 차였을 때와 같은 느낌의 술'이라는 의미도 있다. 진저 향과 탄산이 목을 상쾌하게 자극하는 맛으로 인기가 높다. 1940년경 미국 할리우드에 있는 코큰 볼이라는 레스토랑 사장인 잭 모건씨가 고안해 낸 칵테일이다. 잭 모건씨가 당시 보드카와 동제품을 취급하는 친구와 함께 사업을 하고 있었기 때문에 모스크바 뮬은 동제품으로 만든 머그컵으로 마시는 것으로 전파했다고 한다. 이것을 스미노프(Smirnoff) 보드카의 판매처인 휴브라인사의 잭 마틴씨가 보드카 판매를 확대하기 위한 홍보 수단으로 활용하면서 1946년부터 본격적으로 알려지기 시작하여 세계적인 칵테일이 되었다. 얼음을 넣은 동제품 머그컵 또는 하이 볼 글라스에 보드카 1~1½온스, 라임 주스 ½온스를 따르고 차게 식힌 진저 비어를 채우고 나서 먼저 라임 조각을 짜 넣은 다음 라임 껍질도 안에 넣는다. 진저 비어가 없을 때는 진저 에일로 대신해도 좋고, 라임 조각 대신에 민트 잎을 넣어도 좋다."
"28",28,"모킹버드 [   Mockingbird ]","약 25˚","테킬라","단맛","모킹버드란 멕시코 태생으로 미국 남부에 서식하고 있는 '흉내지빠귀새'를 가리킨다. 멕시코를 대표하는 또 다른 상징인 테킬라를 베이스로 사용한 것에서 이름이 유래 되었다. 페퍼민트(그린)가 만들어내는 에메랄드 그린 색으로 인해 상큼한 느낌을 준다. 완성품의 아름다움을 즐기면서 기분 좋게 취할 수 있는 여성용 칵테일이다. 셰이커에 테킬라 1½온스, 페퍼민트(그린) ½온스, 라임 주스 ½온스과 얼음을 넣고 잘 흔든 다음 칵테일 글라스에 따른다."
"29",29,"미모사 [   Mimosa ]","약 8˚","와인","조금 쓴맛","완성품의 색이 미모사 꽃과 유사한 것에서 붙여진 이름이다. 프랑스에서는 이 칵테일이 '샴페인 아 로랑주(오렌지 주스가 들어있는 샴페인)'라는 이름으로 옛날부터 상류층 사이에서 사랑받아 왔다. 영국에서는 런던에 있는 벅스 클럽이 프랑스의 샴페인 아 로랑주에 자기 상점의 이름을 붙여 부른 것에서 이 칵테일을 벅스피즈라고도 부르고 있다. 톡 쏘는 샴페인의 청량감과 오렌지 주스의 맛이 잘 어울리는 칵테일이다. 와인 글라스에 아주 차게 식힌 샴페인 Half, 오렌지 주스 Half를 따르고 가볍게 저어 슬라이스 오렌지로 장식한다. 재료는 모두 아주 차게 식혀 두어야 한다.- 샴페인은 스파클링 와인으로 불리기도한다."
"30",30,"민트 비어 [   Mint Beer ]","약 5˚","비어","약간 쓴맛","비어와 페퍼민트(그린)로 만든 청량감 있는 칵테일이다. 비어의 쌉쌀함과 페퍼민트(그린)의 풍미가 조화를 이룬 산뜻한 맛을 즐길 수 있다. 페퍼민트(그린)를 넣어서 비어 본래의 기포는 거의 없어지지만 그래도 좋다. 자신의 기호에 맞춰서 페퍼민트(그린)의 양을 조절하면 더 맛있게 즐길 수 있다. 차게 식힌 비어를 적당히 고블렛 글라스에 따르고 페퍼민트(그린) ½온스를 넣은 다음 가볍게 젓는다."
"31",31,"민트 줄렙 [   Mint Julep ]","약 26˚","위스키","상큼하고 시원한 맛","상쾌한<U+00A0>민트 향이 나는 줄렙 스타일의 롱 드링크이다. 여름에 마시기 좋은 칵테일이다. 버번 위스키에 설탕과 물(또는 소다수)만을 넣어 만든 심플한 칵테일이지만, 절대적으로 빼놓을 수 없는 것은 민트 잎이다. 부서진 민트의 상쾌한 향을 느낄 수 있다. 레몬과 오렌지 등 계절 과일로 장식하여 완성한다.<U+00A0>재료로 버번 위스키 1½온스, 설탕 2티스푼, 물, 소다수, 민트 잎 4~6장을 준비한다. 콜린스 글라스에 민트 잎과 설탕, 물을 넣은 다음 설탕을 녹이면서 민트 잎을 부순다. 박하액이 약간 우러나오게 한 다음 버번 위스키 1½온스와 크러시드 아이스(잘게 부순 얼음)를 글라에 넣고 콜린스 글라스에 넣고 소다수로 잔을 채워 잘 저어 준 다음 민트 잎 3~4개를 띄어 준다."
"32",32,"민트 프라페 [   Mint Frappe ]","약 17˚","리큐어","달콤한 맛","'프라페'란 프랑스어로 '얼음으로 차게 식히다'라는 의미이다. 크러시드 아이스(잘게 부순 얼음)를 채운 글라스에 술을 따르고 차게 식힌 스타일 또는 크러시드 아이스와 술을 잘 흔든 후 얼음채 글라스에 따르는 스타일을 가리킨다. '민트 프라페'는 크렘 드 망트(그린)만을 사용해 만든 칵테일로 프라페 중에서도 가장 인기 있는 칵테일이다. 민트의 맛과 색이 청량감을 더해서 여름철 식후 칵테일로 가장 적합하다. 크렘 드 망트(그린) 외에 대부분의 리큐어도 프라페로 마시고 있다. 크러시드 아이스(잘게 부순 얼음)를 채운 글라스에 크렘 드 망트(그린) 1~1½온스를 따른 다음 체리와 민트 잎으로 장식하고 빨대를 꽂는다."
"33",33,"밀리언 달러 [   Million Dollar ]","약 18˚","진","깔끔한 맛","'백만달러'라는 이름이 붙은 칵테일이다. 일본에서 처음 만들어졌다고 한다. 당시 일본은 불경기였기 때문에 경기가 회복되길 바라는 마음에서 거꾸로 이러한 이름을 붙였다고 한다. 계란 흰자를 사용하기 때문에 재료를 충분히 흔들어 주어야 한다. 셰이커에 드라이 진 1온스, 스위트 베르무트 ½온스, 파인애플 주스 ½온스, 그레나딘 시럽 2티스푼, 계란 흰자 1개와 얼음을 넣는다. 셰이크한 다음 칵테일 글라스 또는 샴페인 글라스에 따르고 파인애플을 장식한다."
"34",34,"바카디 [   Bacardi ]","약 30˚","럼","조금 쓴맛","1933년 미국의 금주법폐지를 계기로 당시 쿠바에 있던 바카디사가 자사 럼의 판매촉진용으로 다이커리를 개량한 칵테일이다. 손님이 타사의 럼을 사용한 바(Bar)들을 상대로 소송을 제기하여 뉴욕 고등법원이 '바카디를 만들 때에는 바카디사의 럼을 써야 한다'는 판결을 얻어낸 일화로 유명하다. 다른 럼을 사용할 경우에는 '핑크 다이커리'로 부른다. 라임 풍의 부드럽고 가벼운 맛이 특징이다. 셰이커에 얼음과 바카디 럼(화이트) 1½온스, 라임 주스 ½온스, 그레나딘 시럽 2티스푼을 넣고 잘 흔든 다음 글라스에 따른다."
"35",35,"발랄라이카 [   Balalaika ]","약 25˚","보드카","약간 단맛으로 레몬 주스 향이 강함","러시아 민속악기의 하나인 발랄라이카라는 이름이 붙은 칵테일이다. 사이드 카는 브랜디 베이스인데 이를 보드카로 변화시킨 것으로 보드카 사이드 카라고도 불린다. 화이트 퀴라소와 레몬 주스가 어우러져 적당한 단 맛과 함께 산뜻한 맛을 내어 인기가 많다. 셰이커에 얼음과 보드카 1½온스, 화이트 퀴라소 ½온스, 레몬 주스 ½온스를 넣고 흔든 다음 글라스에 따른다. 가미카제 칵테일하고 비슷하다."
"36",36,"발렌시아 [   Valencia ]","약 13˚","리큐어","달콤한 맛","오렌지 산지로 유명한 스페인 동부의 발렌시아 지방에서 이름을 딴 칵테일이다. 재료에 발렌시아 오렌지 주스를 사용한 것에서 이름이 유래되었다. 에프리코트 브랜디와 오렌지 주스가 훌륭하게 조화를 이뤄 맛이 좋고, 달콤한 맛이 나기 때문에 마시기 쉬운 칵테일이다. 오렌지 비터스가 그 맛을 배가시키고 있다. 술이 약한 사람은 오렌지 주스의 양을 늘려 더 순한 칵테일로 만들어 먹으면 좋다. 셰이커에 얼음과 에프리코트 브랜디 1½온스, 오렌지 주스 ½온스, 오렌지 비터스 2대시를 넣고 잘 흔든 다음 칵테일 글라스에 따른다."
"37",37,"뱀부 [   Bamboo ]","약 16˚","와인","씁쓸한 맛","대나무(뱀부)를 이미지화해서 만든 칵테일이다. 일본 요코하마의 뉴그랜드 호텔 창업 당시 주임 바텐더였던 루이스 에빙거에 의해 고안되었다. 별칭으로는 '아모르'가 있다. 알코올 도수가 높은 와인의 일종인 셰리와 약초 맛의 드라이 베르무트가 씁쓸하고 산뜻한 맛으로 마무리하고 있다. 식전에 어울리는 칵테일이다. 믹싱 글라스에 얼음과 드라이 셰리 1½온스, 드라이 베르무트 ⅔온스, 오렌지 비터스 1대시를 넣은 다음 저어서 칵테일 글라스에 따른다. 뱀부를 만들때<U+00A0>넣는 드라이 베르무트를 스위트 베르무트로 바꾸면 아도니스(Adonis)가 된다."
"38",38,"베일리스 알렉산더 [   Bailey's Alexander ]",NA,"리큐어","달콤하고 부드러운 맛","초콜릿과 생크림으로 만든 베일리스를 한층 더 감미롭게 느낄수 있는 칵테일이다. 기호에 따라 너트메그 가루를 약간 뿌려도 괜찮다- 너트메그(Nutmeg) : 비릿한 냄새를 제거해 주는 향신료"
"39",39,"벨리니 [   Bellini ]","약 10˚","와인","깔끔한 맛","벨리니는 르네상스 초기에 활동했던 화가의 이름이다. 이탈리아 베니스의 하리즈 바(Bar) 사장이었던 주세페 치볼리아니씨가 1948년에 고안하여 세계적으로 알려졌다. 스파클링 와인의 상쾌함에 복숭아 넥타의 달콤함이 가미되어 산뜻한 맛이 난다. 하리즈 바에서는 신선한 복숭아를 이용하는 레시피를 택하고 있다. 샴페인 글라스에 아주 차게 식힌 샴페인 4온스, 복숭아 넥타 1온스, 그레나딘 시럽 1대시를 부은 다음 가볍게 젓는다.
- 샴페인은 스파클링 와인으로 불리기도한다."
"40",40,"벨벳 해머 [   Velvet Hammer ]","약 16˚","리큐어","단맛","벨벳(빌로드)을 연상시키는 부드러운 맛과 망치로 맞은 것 같이 얼얼해지는 알코올 도수를 표현한 칵테일 이름이다. 오렌지 맛의 화이트 퀴라소, 자메이카산 블루마운틴 커피콩을 원료로 만든 티아 마리아와 충분히 넣은 생크림이 부드럽고 달콤한 맛으로 마무리한다. 식후에 잘 어울리는 칵테일이다. 셰이커에 얼음과 화이트 퀴라소 1온스, 티아 마리아 ⅓온스, 생크림 1온스를 붓고 잘 흔든 다음 칵테일 글라스에 따른다. 여기서 티아 마리아 대신 칼루아를 사용해도 된다."
"41",41,"불 샷 [   Bull Shot ]","15˚","보드카","씁쓸한 맛","보드카에 비프 비욘(Beef Bouillon)을 넣은 칵테일이다. 핀란드에서는 술을 금하는 날(일요일·축일)이 있는데, 얼음없이 이 칵테일을 수프접시에 넣고 불 샷 수프라고 하면서<U+00A0>내놓는<U+00A0>레스토랑이 있다고 한다. 기호에 따라 셀러리 스틱이나 오이스틱과 함께 먹거나 소금, 후춧가루를 첨가하는 경우도 있다. 올드 패션드 글라스 얼음과 보드카 1~1½온스, 비프 비욘(Beef Bouillon) 적당량을 넣고 가볍게 젓는다.
- 비프 비욘(Beef Bouillon) : 소고기 육수"
"42",42,"브랜디 사워 [   Brandy Sour ]","약 23˚","브랜디","레몬향이 강하여 깔끔함","브랜디 이외의 술을 베이스로 한 것으로 위스키 사워, 진 사워, 럼 사워, 테킬라 사워 등이 있다. 브랜디의 특유의 달콤한 향과 레몬 주스의 신맛이 감칠맛과 좋은 향기를 만들어 낸다. 소다수를 첨가하는 경우가 많아지고 있다. 셰이커에 브랜디 1½온스, 레몬 주스 ½온스, 설탕 1티스푼, 얼음을 넣고 흔든 후 글라스에 따른다. 라임, 레몬과 마라스키노 체리로 장식한다."
"43",43,"브랜디 에그노그 [   Brandy Egg Nog ]","약 12˚","브랜디","약간 단맛","에그노그 스타일의 롱 드링크로 계란과 우유를 사용하기 때문에 영양가가 높다. 우유와 함께 브랜디의 단 향이 계란의 비린내를 없애고, 먹기 좋은 칵테일로 만들어 준다. 우유는 가장 나중에 가득 따르는 것이 중요하다. 너트메그(Nutmeg:육두구의 씨)나 시나몬 가루를 넣어도 좋다. 셰이커에 브랜디 1온스, 럼 ½온스, 계란 1개, 설탕 2티스푼, 우유 적당량과 얼음을 넣고 충분히 흔든 다음 글라스에 따른다."
"44",44,"브랜디 크러스터 [   Brandy Crusta ]","약 25˚~30˚","브랜디","중간","크러스터라는 것은 스노우 스타일 글라스에 나선 모양으로 벗긴 과일 필로 장식한 것을 말한다. 롱 드링크 스타일의 하나이기도 하다다. 레몬의 껍질을 끝에서부터 들어가게 하는 것이 포인트이다. 베이스를 변화시킨 위스키 크러스터, 럼 크러스터가 있다. 만들려면 우선 스노우 스타일을 한 글라스에 나선형으로 벗긴 레몬필을 장식해 둔다. 셰이커에 브랜디 1½온스~2온스, 마라스키노 1티스푼, 레몬 주스 1티스푼, 앙고스투라 비터스 1대시와 얼음을 넣고 흔든 후 글라스에 따른다."
"45",45,"브루클린 [   Brooklyn ]","약 30˚","위스키","약간 쓴맛","맛이 맨해튼과 비슷하기 때문에 미국의 뉴욕시 맨해튼 옆에 위치한 지역명인 브루클린이라는 이름이 붙었다. 브루클린 시는 서민적인 분위기가 느껴지는데 이 칵테일 역시 담백한 맛이 난다. 아메르 피코(Amer Picon)와 마라스키노(Maraschino)의 풍미가 느껴진다. 셰이커에 아메리칸 위스키 1½온스, 드라이 베르무트 ½온스, 아메르 피콘 1대시, 마라스키노 1대시와 얼음을 넣고 흔든 다음 칵테일 글라스에 따른다."
"46",46,"블랙 러시안 [   Black Russian ]","32˚","보드카","달콤한 맛","블랙 러시안이라는 이름은 러시아를 대표하는 보드카를 사용한다는 것과 색이 검정인 것에서 유래하었다. 커피 리큐어의 단맛이 특징으로 알코올 도수가 높은데도 마시기가 좋다. 베이스를 테킬라로 변화시키면 브레이브 불(Brave bull)이 되고, 커피 리큐어를 디 사로노 아마렛토(Disaronno Amaretto)로 변화시키면 갓 마더가 된다. 올드 패션드 글라스에 얼음과 보드카 1½온스, 커피 리큐어 ½온스를 넣고 가볍게 젓는다."
"47",47,"블랙 벨벳 [   Black Velvet ]","약 10˚","비어","조금 쓴맛","블랙 벨벳은 '검은 빌로드'라는 의미이다. 완성품의 색 배합과 매끄러운 맛에서 붙여진 이름이다. 아일랜드 태생의 기네스 또는 흑맥주와 프랑스 태생의 샴페인이 고급스러운 맛으로 마무리하고 있다. 기네스 또는 흑맥주와 샴페인은 물론이고 필스너 글라스도 아주 차게 식혀두어야 한다. 아주 차게 식힌 필스너 글라스에 샴페인 Half, 기네스 또는 흑맥주 Half을 동시에 따른다."
"48",48,"블러드 앤 샌드 [   Blood and Sand ]","약 18˚","위스키","단맛","블러드 앤 샌드라는 문자 그대로 '피와 모래'라는 의미이다. 이 이름은 스페인의 소설가 블라스코 이바녜스(Vicente Blasco lbcuez, 1867~1927)가 쓴 투우사의 성쇠를 테마로 한 소설 제목이다. 하지만 과격한 이름과는 대조적으로 입에 닿는 감촉은 부드러운 단맛이며, 완성된 칵테일의 색채도 산뜻하다. 위스키 ½온스, 스위트 베르무트 ½온스, 체리 브랜디 ½온스, 오렌지 주스 ½온스와 얼음을 넣고 흔든 다음 글라스에 따른다."
"49",49,"블러디 메리 [   Bloody Mary ]","약 15˚","보드카","약간 쓴 맛","16세기 중반 영국의 여왕 메리 1세는 가톨릭의 부흥을 위해 신교도를 박해하여 '피의 메리'라고 불렸다. 토마토 주스가 피 색을 연상시켜 이름의 유래가 되었다는 설이 유력하다. 마시는 사람은 장식된 레몬을 짜서 기호에 맞게 맛을 조절한다. 하이 볼 글라스에 얼음과 보드카 1~1½온스, 우스터 소스 1대시, 타바스코 2대시, 소금 약간, 토마토 주스를 적당량 넣고 가볍게 저은 다음 셀러리 스틱과 1/6로 자른 레몬 조각을 장식한다. 블러디 불과 같이 해장술로 많이 마시는 칵테일이다."
"50",50,"블루 하와이 [   Blue Hawaii ]","약 17˚","럼","조금 달콤한 맛","수많은 트로피컬 칵테일 중에서도 상쾌한 마린블루 색으로 인해 더욱 돋보이는 칵테일이다. 사계절이 여름인 하와이 섬의 아름다운 모습을 연상시킨다. 색의 비밀은 블루 퀴라소에 있다. 베네수엘라 북쪽에 있는 퀴라소섬의 오렌지를 사용해 만든 리큐어를 퀴라소라고 부른다. 이 퀴라소에 블루를 착색한 것이 블루 퀴라소이다. 화이트 럼과 블루 퀴라소가 하와이의 시원하게 트인 하늘과 푸른 바다를 생생하게 재현하고 있다. 파인애플 주스와 레몬 주스가 새콤달콤하며 상쾌한 맛을 연출하고 있다. 장식으로는 파인애플 조각과 계절 꽃을 이용한다. 셰이커에 얼음과 화이트 럼 1온스, 블루 퀴라소 ½온스, 파인애플 주스 1온스, 레몬 주스 ½온스를 넣고 잘 흔든 그랑드 글라스에 따른다."
"51",51,"비앤비 [   B&B ]","약 42˚","브랜디","달콤한 맛","베네딕틴(Benedictine)과 브랜디(Brandy)의 머리글자 '비(B)'를 따서 붙여진 명칭이다. 베네딕틴과 브랜디(코냑)를 같은 비율로 배합하며, 달콤한 맛이 난다. 베네딕틴을 따른 후 브랜디를 띄우듯이 따르는 스타일과 재료를 믹싱하는 경우가 있으며, 온더록스로 마시는 것이 일반적이지만 스트레이트로 마시기도 한다."
"52",52,"비어 스피리처 [   Beer Spiritzer ]","약 10˚","비어","약간 쓴맛","비어를 이용한 칵테일이 다수 있긴 하지만, 그 중에서도 비어 본래의 쌉쌀함과 상쾌함을 살려 완성한 것이 이 칵테일이다. 화이트 와인에 소다수로 만드는 칵테일 '스프리처'에서 소다수를 비어로 바꾼 레시피이다. 비어와 화이트 와인의 배합을 조절해 자신의 기호에 맞게 만들 수 있어서 '마이 비어 스프리처(my beer spiritzer)'를 만드는 재미도 있다. 비어를 좋아하는 사람에게 특히 추천할 만한 칵테일이다. 좀더 맛있게 마시기 위해서는 글라스, 화이트 와인, 비어 모두를 아주 차게 식혀 두는 것이 포인트이다. 아주 차게 식힌 고블렛 글라스에 얼음을 넣고 화이트 와인을 부은 다음 비어를 채워서 가볍게 젓는다."
"53",53,"비틴 더 시트 [   Between the sheet ]","약 32˚","브랜디","오렌지 향이 강함","'침대에 들어가다.'라는 뜻을 가진 칵테일이다. 이름처럼 나이트캡(잘 때 마시는 술)에 적당한 음료이다. 단맛과 쓴맛의 중간으로 먹기가 쉽고, 오렌지 맛이 강한 화이트 퀴라소가 나이트캡에서는 빠질 수 없는 단향을 이끌어 낸다. 셰이커에 브랜디 ½온스, 럼(화이트), 트리플섹 ½온스, 레몬 주스 ½온스와 얼음을 넣고 흔든 다음 글라스에 따른다."
"54",54,"사이드 카 [   Side car ]","약 30˚","브랜디","강한 브랜디의 맛과 시큼한 맛과 코앙트로의 단맛","제1차 세계대전 중에 전쟁터에서 대활약을 했던 사이드 카를 이름으로 한 칵테일이다. 프랑스의 군인이 만들었다는 설과 파리의 하리즈 뉴욕 바의 바텐더였던 하리 마켈혼이 고안했다고 하는 설이 있다. 브랜디 대신에 진을 사용하면 '화이트 레이디(White Lady)', 보드카를 사용하면 '발랄라이카(Balalaika)', 라이트 럼을 사용하면 '엑스와이지(X,Y,Z)'라는 칵테일이 된다. 브랜디 1온스, 레몬 주스 ½온스, 코앙트로(Cointreau : 오렌지 맛의 달콤한 리큐어) ½온스와 얼음을 셰이커에 넣고 흔든 후<U+00A0>칵테일 글라스에 따르면 브랜디의 풍부한 맛이 느껴지는 사이드 카 칵테일이 된다. 코앙트로 대신 트리플섹을 사용해도 된다."
"55",55,"상하이 [   Shanghai ]","약 20˚","럼","조금 쓴맛","일찍이 상하이는 뉴욕, 런던과 견줄 만한 아시아 최대의 무역도시로 번창했었다. 그러나 상하이의 이면에는 마약과 범죄로 얼룩진 뒷골목도 있어서 빛과 어둠이 공존하며 묘한 매력으로 사람들을 끌어당기는 곳이었다. 이러한 격동의 시대에 탄생한 칵테일로 이름만큼이나 묘한 동양의 이국적인 분위기를 색채와 향기로 표현하고 있다. 자메이카 럼과 아니세트(아니스의 종자로 만든 리큐어)가 개성 강한 풍미를 만들어 내고, 그레나딘 시럽의 단맛과 레몬 주스의 신맛이 적절하게 가미되어 전체적인 조화를 이룬다. 셰이커에 얼음과 자메이카 럼 1½온스, 아니세트 ⅓온스, 레몬 주스 ⅓온스, 그레나딘 시럽 2대시를 넣고 잘 흔든 다음 칵테일 글라스에 따른다."
"56",56,"샌디 개프 [   Shandy Gaff ]","약 3˚","비어","약간 쓴맛","비어 베이스의 대표적인 칵테일이다. 이탈리아에서는 역사가 아주 길다. 프랑스에서는 비어와 같은 양의 투명한 탄산 음료로 만든 '파나셰'라고 하는 칵테일이 있는데, 샌디 개프도 파나셰의 일종이라고 할 수 있다. 진저 에일의 생강 맛과 약한 단맛이 씁쓸한 비어와 조화를 이룬 산뜻한 맛의 칵테일이다. 머그 글라스에 아주 차게 식힌 비어 Half, 진저 에일 Half을 천천히 부은 다음 가볍게 젓는다."
"57",57,"샴페인 칵테일 [   Champagne Cocktail ]","약 15˚","와인","씁쓸한 맛","20세기 초반에 이미 레시피가 완성되어 있었던 역사가 긴 칵테일이다. 1943년에 제작된 미국 영화 '카사블랑카' 중에서 험프리 보가트가 '당신 눈동자에 건배!'라는 대사와 함께 등장하여 전세계적으로 유명해졌다. 각설탕으로부터 올라오는 섬세한 기포가 로맨틱한 분위기를 연출해 준다. 데이트에 추천할 만한 칵테일이다. 샴페인 글라스에 넣은 각설탕 1개에 앙고스투라 비터스 1대시, 샴페인 1글라스를 채운 다음 오렌지 조각 또는 레몬필로 장식한다."
"58",58,"솔티 도그 [   Salty Dog ]","약 15˚","보드카","약간 쓴맛","솔티 도그는 '짠 녀석'이라는 의미로 '영국의 갑판원'을 가리키는 말이다. 항해하다보면 몸에 짠 냄새가 배기 때문이다. 솔티 도그 칵테일은 영국에서는 진 베이스였지만 미국으로 건너오면서 보드카로 바뀌었다. 글라스 테두리에 소금을 묻힌 스노우 스타일의 여름용 칵테일이다. 자몽 주스의 신맛과 소금의 짠맛이 절묘한 조화를 이룬다. 글라스 테두리에 소금을 사용하지 않는 것을 테일레스 도그(꼬리없는 개), 불도그(털이 짧은 개), 그레이 하운드(달릴 때 털을 뒷다리 사이에 넣는 개)라고 한다. 하이 볼 글라스에 얼음과 보드카 1~1½온스, 그레이프<U+00A0>프루트 주스 적당량을 넣고 바스푼으로 가볍게 저은 다음 오렌지 슬라이스로 장식한다."
"59",59,"스카이 락 [   Sky Lark ]",NA,"보드카","상큼한 맛","스카이 락은 만물이 소생하는 봄철에 어울리는 칵테일로써 보드카와 미도리(멜론 리큐어)가 잘 어울려 시각적으로도 상큼한 그린 색의 칵테일이다. 장식은 그린 체리로 글라스 테두리에 꽂아주면 된다."
"60",60,"스카치 킬트 [   Scotch kilt ]","약 36˚","위스키","약간 쓴맛","스카치 킬트라는 것은 스코틀랜드의 대표적인 민족 의상으로 남성의 예복용 스커트를 말한다. 스코트랜드에서 처음 만들어지기 시작한 칵테일인 만큼 베이스는 스카치 위스키를 사용한다. 러스티 네일과 비슷한 종류의 칵테일이지만, 만들 때 믹싱 글라스에 넣고 바스푼으로 젓는 것과 오렌지 비터스를 사용한 것이 다르다. 스카치 위스키 1½온스, 드람브이 ½온스, 오렌지 비터스 2대시와 얼음을 믹싱 글라스에 넣고 저은 후 칵테일 글라스에 따른다."
"61",61,"스콜피온 [   Scorpion ]","약 25˚","럼","깔끔한 맛","'전갈'이라는 무서운 이름의 칵테일이다. 감칠 맛 뒤에 숨어있는 높은 알코올 도수에서 비롯된 이름이다. 하와이에서 처음 만들어진 트로피컬 칵테일이다. 투명한 오렌지색이 화려하고 상쾌해 보이는데 실제 맛도 상쾌하며 마시기 좋다. 그러나 럼과 브랜디가 들어가기 때문에 의외로 독하다. 슬라이스 오렌지와 붉은 체리로 장식한다. 셰이커에 얼음과 화이트 럼 1온스, 브랜디 1온스, 오렌지 주스 1온스, 레몬 주스 ½온스, 설탕시럽 1티스푼을 넣어 잘 흔든 다음 크러시드 아이스(잘게 부순 얼음)를 채운 필스너 글라스에 따르고 오렌지와 체리로 장식한다."
"62",62,"스크류 드라이버 [   Screwdriver ]","약 25˚","보드카","새콤한 맛","'못 빼는 기계(드라이버)'라는 뜻이다. 이란의 유전에서 근무하던 미국인이 보드카와 오렌지 주스를 섞을 때 작업용 공구인 드라이버를 사용했다고 하여 붙여진 이름이다. 베이스로 보드카를 사용했기 때문에 비교적 독하지만, 오렌지 주스가 맛을 부드럽게 한다.<U+00A0>여성을 취하게 하는데 많이 사용되었다고 하여 '플레이 보이'나 '레이디 킬러'라고도 불린다.<U+00A0>하이 볼 글라스에 얼음과 보드카 1온스~1½온스, 오렌지 주스 적당량를 넣고 가볍게 저은 다음 오렌지 조각으로 장식한다."
"63",63,"스팅어 [   Stinger ]","약 32˚","브랜디 베이스","브랜디와 페퍼민트 자극적인 향의 조화","뉴욕의 코로니 레스토랑의 바텐더가 고안한 식후주로서 명물 칵테일로 유명하게 되었다. 스팅어란 '찌르는 바늘', '가시돋힌 말'이란 뜻으로 자극적인 맛을 의미한다. 페퍼민트가 톡 쏘는 맛과 향긋한 내음을 나게 한다. 위를 개운하고 상쾌하게 하여 부담을 덜어 주고, 소화를 촉진시켜 식후에 최적인 칵테일이다. 브랜디 1½온스, 크렘 드 민트(Creme de Menthe) 화이트 ½온스와 얼음을<U+00A0>셰이커에 넣고 흔든 후 칵테일 글라스에 따른다."
"64",64,"스푸모니 [   Spumoni ]","약 5˚","리큐어","깔끔한 맛","캄파리의 고향인 이탈리아에서 탄생한 칵테일이다. 캄파리를 베이스로 한 캄파리 소다나 캄파리 오렌지와 같은 종류로 인기가 높은 롱 드링크이다. '스푸모니'의 어원은 이탈리아어로 '스푸마래' 즉 '거품을 일으킨다'는 뜻으로 토닉워터의 기포가 올라오는 것을 보고 붙여진 이름이다. 캄파리의 쌉쌀한 맛과 그레이프 프루트의 상큼한 맛이 조화를 이루어 특히 여성에게 인기가 있다. 그레이프 프루트 주스를 충분히 넣어서 한층 산뜻한 맛으로 마무리하고 있다. 장식에도 그레이프 프루트를 사용한다. 얼음을 넣은 하이 볼 글라스에 캄파리 1온스와 그레이프 프루트 주스 1½온스를 따르고 차가운 토닉워터를 채운다."
"65",65,"스프리처 [   Spritzer ]","약 5˚","와인","씁쓸한 맛","스프리처는 독일어로 '스프리첸'이 어원으로 '세게 터지다'라는 의미이다. 글라스 안에서 소다수 기포가 마치 춤을 추는 것 같이 터지는 데서 비롯된 이름이다. 오스트리아의 잘츠부르크에서 탄생했다. 지금도 매년 잘츠부르크 여름 축제에 빠지지 않고 등장하는 칵테일이다. 맛 뿐만 아니라 보기에도 상쾌한 칵테일로 식전에 잘 어울린다. 차게 식힌 화이트 와인 2온스를 얼음이 채워져 있는 와인 글라스에 따른 다음 소다수를 채운다. 사용하는 모든 재료를 차게 해 두는 것이 포인트이다. 기호에 따라 레몬을 장식해도 좋다.
- 샴페인은 스파클링 와인으로 불리기도 한다."
"66",66,"슬로 진 피즈 [   Sloe Gin Fizz ]","약 10˚~15˚","리큐어","약간 쓴맛","슬로 진이란 영국이나 프랑스의 들판에서 자생하고 있는 슬로베리를 진에 넣어 만든 리큐어이다. 화려한<U+00A0>향기와 산뜻한 장미색이 특징이다. 셰이커에 슬로 진 1~1½온스, 레몬 주스 ½온스, 설탕 1~2티스푼을 넣어 잘 흔든 다음 하이 볼 글라스에 따라 차가운 소다수를 넣고 가볍게 젓는다. 레몬 또는 오렌지 등으로 장식한다. 베이스를 슬로 진에서 크렘 드 카카오로 바꾸면 카카오 피즈, 크렘 드 바이올렛으로 바꾸면 바이올렛 피즈가 된다."
"67",67,"슬로 테킬라 [   Sloe Tequila ]","약 15˚","테킬라","약간 쓴맛","테킬라를 베이스로 슬로 진과 레몬 주스를 사용해 만든 칵테일이다. 테킬라 베이스 중에서도 인기가 높다. 플럼의 일종인 슬로베리로 만든 슬로 진의 독특한 풍미가 뛰어난 칵테일로, 레몬 주스를 넘기기 쉽게 만들어 준다. 셰이커에 테킬라 1온스, 슬로 진 ½온스, 레몬 주스 ½온스와 얼음을 넣고 잘 흔든 다음 크러시드 아이스(잘게 부순 얼음)를 넣은 글라스에 따르고 오이나 셀러리 줄기를 장식하고 빨대를 꽂는다."
"68",68,"싱가포르 슬링 [   Singapore Sling ]","약 17˚","진","새콤달콤하면서 시원한 맛","영국의 소설가 서머싯 몸이 '동양의 신비'라고 극찬했던 칵테일이다. 싱가포르<U+00A0>래플스(Raffles) 호텔에서 고안하였는데, 저녁 노을을 표현하였다고 한다. 연한 주홍빛이 나는<U+00A0>아름다운 색배합과 새콤달콤한 맛으로 인해 여성에게 인기가 높다. 특유의 화려한 과일장식을 보면서 마시는 것도 즐겁다. 셰이커에 드라이 진 1온스, 체리 브랜디 ½온스, 레몬 주스 ½온스, 설탕시럽 1티스푼을 넣고 흔든 다음 글라스에 따른다. 글라스에 얼음을 첨가한 차가운 소다수로 가득 채우고 오렌지, 체리로 장식한다.<U+00A0>설탕시럽 외에 그레다닌 시럽 ⅓온스 사용해도 된다."
"69",69,"아도니스 [   adonis ]","16˚","와인","조금 쓴맛","'아도니스'란 그리스 신화에 나오는 비너스(아프로디테)에게 사랑을 받았던 미소년의 이름이다. 드라이 셰리의 맛을 살린 칵테일의 걸작으로 1900년대 초기에 탄생했다고 전해진다. 뱀부(Bamboo)의 레시피에 있는 드라이 베르무트를 스위트 베르무트로 바꾼 달콤한 향기가 나는 식전 칵테일이다. 믹싱 글라스에 얼음과 드라이 셰리 1½온스, 스위트 베르무트 ⅔온스, 오렌지 비터스 1대시를 넣어 잘 저은 다음 칵테일 글라스에 따른다."
"70",70,"아메리카 레모네이드 [   America Lemonade ]","약 3˚","와인","조금 쓴맛","레몬 주스와 레드 와인를 사용한 플로트 스타일의 롱 드링크이다. 2개로 나뉜 층이 아름다워 여성용 칵테일로 불린다. 또 도수도 낮아서 술에 약한 사람에게도 적당한 칵테일이다. 설탕을 레몬 주스에 잘 녹인 후 물을 넣는데 가능하면 미네랄 워터를 사용하는 것이 좋다. 이 때 설탕을 많이 넣으면 나중에 와인이 잘 뜬다. 하이 볼 글라스에 레몬 주스 1온스, 설탕 3티스푼를 넣어 잘 녹인 다음 얼음과 냉수를 넣고 차갑게 식힌 레드 와인을 살짝 띄운다."
"71",71,"아메리칸 뷰티 [   American beauty ]","약 13˚","브랜디","산뜻한 과일 맛","아메리칸 뷰티는 장미 품종의 하나로 미국의 수도 워싱턴 DC를 상징하는 꽃으로 잘 알려져 있다. 포트 와인 이외의 재료를 셰이커에 넣고 흔든 다음 글라스에 따라 둔다. 그 후 소량의 포트 와인을 조용히 플로트하는 것이 이 칵테일의 진정한 멋이다. 브랜디 ⅔온스, 드라이 베르무트 ⅔온스, 그레나딘 시럽(grenadine) ⅓온스, 오렌지 주스 ⅓온스, 크렘 드 망트 화이트 1대시를 셰이커에 넣고 흔든 다음 글라스에 따른다. 여기에 포트 와인 적당량을 플로트 한다."
"72",72,"아이리시 커피 [   Irish Coffee ]","약 10˚","위스키","뜨거운 커피 맛과 생크림의 부드러움","아이리시 커피는 아일랜드 더블린공항 로비라운지에서 고객서비스 차원에서 추운 승객들에게 제공해 주던 칵테일이다. 먼저 글라스 테두리에 황설탕(Brown Sugar)을 묻히고 아이리시 위스키 1온스를 붓고, 글라스를 알코올 램프에 데워 불이 붙으면 커피를 부어서 생크림을 씌운 후 계핏가루를 약간 뿌려준다. 베이스가 브랜디이면 로열 커피가 되고, 아이리시 위스키 대신에 베일리스를 쓰면 베일리스<U+00A0>커피가 된다."
"73",73,"아이리시 프라페 [   Irish Frappe ]",NA,"리큐어","달콤한 맛","잘게 부순 얼음을 글라스에 가득 채우고 베일리스와 냉커피, 설탕시럽을 넣어 재운 후 휘프드 크림을 얹고 계핏가루를 살짝 뿌려 준다."
"74",74,"알렉산더 [   Alexander ]","약 23˚","브랜디","크림 맛","19세기 중반 영국의 국왕 에드워드 7세와 왕비 알렉산더의 결혼을 기념하기 위해 만든 칵테일이다. 처음에는 알렉산드라라고 하는 여성의 이름이 붙었으나 시간이 지나자 지금의 이름으로 변했다고 한다. 크림 맛이 부드럽게 입에 닿는 여성 취향의 칵테일이다. 식후 칵테일로서는 최적이다. 브랜디 대신에 보드카를 넣으면 바바라(Babara)라는 칵테일이 된다. 브랜디 1온스, 크렘 드 카카오 브라운(Creme de Cacao Brown) 1온스, 생크림 1온스와 얼음을 셰이커에 넣고 흔든 다음 글라스에 따른다. 장식으로는<U+00A0>너트메그 가루를 살짝 뿌려준다.
- 너트메그(NutMeg) : 비릿한 냄새를 제거해주는 향신료(육두구 열매)"
"75",75,"어라운드 더 월드 [   Around the World ]","약 30˚","진","상쾌한 맛","'세계일주'라는 의미를 가진 칵테일로, 초록의 시원한 색채가 특징이다. 파인애플주스의 적당한 신맛과 페퍼민트의 상쾌한 맛이 입안을 개운하게 한다. 알코올 도수는 약간 높지만, 아름다운 색과 개운한 맛 때문에 여성들이 많이 찾는다. 민트체리(Minthe Cherry)로 장식을 하여 세련된 느낌을 추가하는 것도 좋다. 셰이커에 드라이 진 1½온스, 페퍼민트 ⅓온스, 파인애플 주스 ⅓온스와 얼음을 넣고 흔든 후 글라스에 따른다."
"76",76,"에프리코트 칵테일 [   Apricot Cocktail ]","약 8˚","리큐어","깔끔한 맛","향기가 강한 리큐어인 에프리코트 브랜디를 베이스로 신선한 주스를 풍부하게 사용한 칵테일이다. 살구, 오렌지, 레몬의 맛이 섞여 있어서 마시기가 편하고 상큼한 맛이 살아있는 쇼트 스타일의 칵테일이다. 드라이 진 한 스푼이 전체의 조화를 이루는 역할을 하고 있다. 단맛과 신맛이 균형을 이루고 있어서 누구나 부담감 없이 쉽게 즐길 수 있다. 맛, 향기, 색의 삼박자를 고루 갖춘 칵테일이라고도 불린다. 셰이커에 얼음과 에프리코트 브랜디 1~1½온스, 오렌지 주스 ½온스, 레몬 주스 ½온스와 드라이 진 1티스푼을 넣고 잘 흔든 다음 칵테일 글라스에 따른다."
"77",77,"엑스와이지 [   x.y.z ]","약 26˚","럼","약간 단맛","엑스와이지는 알파벳의 끝, 즉 '최후의 칵테일'이라는 의미이다. '이것 이상의 칵테일은 없는 최고의 칵테일'이라는 만든 이의 자신감이 넘쳐나는 이름이다. 바텐더들에게는 '굿바이'로 알려져 있다. 바(Bar) 영업이 끝난 뒤에도 돌아가지 않는 손님들에게 바텐더가 서비스로 권하는 칵테일이다. '이제 우리도 퇴근을 해야 하니까 이 한 잔을 마시고 집에 가라'는 뜻에서 제공하는 것이다. 사이드 카(Side Car)의 베이스를 브랜디에서 럼으로 바꾼 것으로 럼 사이드 카라고도 불린다. 레몬의 신맛과 퀴라소의 달고 쌉쌀한 맛이 어우러져 럼을 살짝 감싸준다. 맛과 완성품의 아름다운 모습 때문에 여성들에게도 인기가 높다. 셰이커에 얼음과 화이트 럼 1½온스, 화이트 퀴라소 ½온스, 레몬 주스 ½온스를 넣고 잘 흔든 다음 칵테일 글라스에 따른다. 베이스를 럼에서 진으로 바꾸면 '화이트 레이디(White Lady)', 보드카로 바꾸면 '발랄라이카'가 된다."
"78",78,"엔젤스 팁 [   Angel's Tip ]","약 10˚","리큐어","달콤한 맛","'천사의 팁'이라는 이름의 달콤한 식후 칵테일이다. 크렘 드 카카오(브라운)와 생크림의 결합이 조화를 이루어 부드러운 맛을 만들어 내고 있다. 생크림은 크렘 드 카카오(브라운)와 섞이지 않도록 띄워 놓는다. 생크림 위에 떠 있는 것 같은 붉은 체리가 천사의 팁이다. 리큐어 글라스에 크렘 드 카카오(브라운)를 따르고 그 위에 생크림을 살짝 띄운 다음 칵테일핀에 꽂은 붉은 체리를 걸쳐 놓는다. 엔젤스 팁에서 크림 위에 브랜디를 띄우면 '엔젤스 윙(Angel's Wing)' 이 된다."
"79",79,"엘 프레지덴테 [   El Presidente ]","약 30˚","럼","조금 쓴맛","엘 프레지덴테란 스페인어로 '대통령' 또는 '사장'이라는 뜻이다. 대통령이나 사장과 같은 위엄이 느껴지는 칵테일이다. 드라이 베르무트의 약초 향기와 오렌지 퀴라소의 맛이 뛰어난 칵테일로 이것들이 럼이 가지고 있는 독한 맛을 부드럽게 감싸고 있다. 재료 중에 드라이 베르무트을 빼고 셰이크해서 만들면 '프레지던트(President)'라는 칵테일이 된다. 얼음이 든 믹싱 글라스에 화이트 럼 1½온스, 드라이 베르무트 ½온스, 오렌지 퀴라소 ½온스, 그레나딘 시럽 1대시를 넣고 가볍게 저은 다음 칵테일 글라스에 따른다. 이 외에 다른 유형으로 만들어지는 칵테일도 있다."
"80",80,"오렌지 블로섬 [   Orange Blossom ]","약 24˚","진","약간 쓴맛에 오렌지의 상큼한 향이 남","오렌지 블로섬은 '오렌지의 꽃'이라는 뜻이다. 미국에서 금주법이 실시 되었을 때 밀조된 조악한 진의 냄새를 없애기 위해 오렌지를 첨가한 것이 유래이다. 또, 오렌지는 꽃말이 '순결'이기 때문에 웨딩 드레스에 장식하는 꽃으로 사용되는 경우도 많다. 피로회복을 위한 식전용 술로 애음된다. 셰이커에 진 1½온스, 오렌지 주스 1½온스와 설탕시럽 2티스푼과 얼음을 넣고 흔든 후 글라스에 따른다."
"81",81,"올드 팔 [   Old Pal ]","약 24˚","아메리칸 위스키","약간 단맛","올드 팔은 오래된 친구 또는 친한 친구라는 뜻이다. 문자 그대로 오래 전부터 사람들이 마셔온 친숙한 칵테일로 젊은이들에게도 인기가 있다. 화려한 붉은 색채가 나기 때문에 어른스러운 느낌이 드는 칵테일이다. 희미한 단맛과 씁쓸한 맛은 젊었을 무렵의 우정과 어울리는 맛이라고 할 수 있다. 식전에 마시면 좋은 칵테일이다. 아메리칸 위스키 1½온스, 드라이 베르무트 ⅓온스, 캄파리 ⅓온스와 얼음을 믹싱글라스에 넣고 바스푼으로 저은 다음 글라스에 따른다. 이 외에도 버번 위스키 1½온스, 스위트 베르무트 ⅓온스, 그레나딘 시럽 ⅓온스로 만드는 다른 유형의 올드 팔도 있다."
"82",82,"올드 패션드 [   Old Fashioned ]","약 32˚","위스키","약간 쓴맛","미국 켄터키주의 벤텐스클럽에 모여든 경마팬을 위해 만들어진 칵테일이라고 한다. 당시 유행 하던 '토디(Tody)'와 맛과 형태가 비슷해 지난 날의 기억을 되살려 준다는 의미로 붙은 이름이다. 이 칵테일은 전용 글라스까지 있을 정도로 인기가 높다. 전용 글라스에 각설탕 1개를 넣고 앙고스투라 비터스 1대시~2대시를 떨어뜨린 다음 약간의 소다수로 녹여준 후 각얼음을 넣는다. 약한 술을 원하면 아메리칸 위스키, 강한 술을 원하면 버번 위스키를 1온스~1½온스를 넣는다. 마지막으로<U+00A0>오렌지, 체리를 글라스에 장식한다. 각설탕 대신 설탕시럽 또는 가루설탕을 사용하여도<U+00A0>된다."
"83",83,"올림픽 [   Olympic ]","약 20˚","브랜디","상큼한 맛","1900년에 프랑스 파리에서 열린 제2회 올림픽경기대회를 기념하기 위해 프랑스에서 처음 만들어진 칵테일이다. 온화한 색 배합이 세계 평화와 친선을 표현하고 있다. 오렌지 주스의 달콤한 맛이 브랜디와 어울려 감칠맛이 난다. 오렌지는 직접 짠 것을 사용하면 더욱 맛이 있다. 브랜디 ⅔온스, 오렌지 퀴라소(Curacao) ⅔온스, 오렌지 주스 ⅔온스와 얼음을 셰이커 넣고 흔든 후 글라스에 따른다. 오렌지 퀴라소(Curacao) 대신 트리플섹 또는 코앙트로를 사용해도 된다."
"84",84,"와인 쿨러 [   Wine Cooler ]","약 12˚","와인","깔끔한 맛","와인을 베이스로 한 쿨러 스타일의 롱 드링크이다. 이 칵테일에는 일정한 레시피가 없기 때문에 베이스가 되는 와인도 레드, 화이트, 로제 어느 것이라도 좋다. 여기서는 레드 와인을 이용한 레시피이다. 그레나딘 시럽, 오렌지 퀴라소, 레드 와인이 만들어 내는 그라데이션도 즐길 수 있다. 청량감이 있고 과일 맛이 나는 칵테일로 여름의 무더운 날씨에 어울린다. 글라스에 와인 3온스, 오렌지 퀴라소 ½온스, 그레나딘 시럽 ½온스, 오렌지 주스 1온스를 붓고 가볍게 저어 크러시드 아이스(잘게 부순 얼음)을 채운 다음 오렌지 조각 등으로 장식하고 빨대를 꽂는다. 레드 와인과 진저 에일로 만든 와인 쿨러도 있다."
"85",85,"워드 에이트 [   Ward eight ]","약 18˚","위스키","약간 단맛","보스턴의 구 행정구역이 나뉜 것을 기념하여 만들어진 칵테일이다. 워드 에이트는 행정구역이 '8개의 구'로 나뉘었다는 것을 뜻한다.<U+00A0>워드 칵테일 혹은 스코티시 가스라고도 불린다. 아메리칸 위스키에 레몬과 오렌지 주스의 과일 맛이 가미되어 세련된 느낌으로<U+00A0>완성된 칵테일이다. 셰이커에 아메리칸 위스키 1½온스, 레몬 주스 ½온스, 오렌지 주스 ½온스, 그레나딘 시럽 2대시와 얼음을 넣고 흔든 후 글라스에 따른다. 새콤한 맛에 짙은 갈색의 칵테일이다. 장식은 오렌지, 레몬, 체리로 해준다."
"86",86,"위스키 미스트 [   Wisky Mist ]","약 30˚","위스키","쓴맛","위스키를 베이스로 한 미스트 스타일의 드링크이다. 사용하는 위스키의 종류에 따라 이름이 다르게 불리는데, 스카치 위스키를 넣으면<U+00A0>스카치 미스트, 버번 위스키를 사용하면 버번 미스트라고 한다. 셰이커에 위스키를 얼음과 함께 넣고 흔든 후 글라스에 따르고 레몬을 짜서 넣는다. 크러시드 아이스를 채운 글라스에 위스키를 따른 후<U+00A0>마실 사람한테 빌드의 종류를 선택하게 한다. 기호와 먹는 방법에 따라 여러가지 타입의 위스키를 즐길 수 있어 많은 사람들에게 사랑받고 있는 칵테일이다."
"87",87,"위스키 토디 [   Whisky Toddy ]","약 13˚","위스키","쓴맛","위스키를 베이스로 한 토디 스타일의 롱 드링크이다. 레몬을 넣어 상큼한 향이 나고, 설탕을 넣어 달콤한 맛이 나기 때문에 술이 약한 여성들이 마시기 좋다. 비슷한 종류의 칵테일로는 열탕을 사용한 핫 위스키 토티가 있다. 하이 볼 글라스에 설탕 1티스푼을 넣고 소량의 미네랄 워터를 넣어 녹인다. 위스키 1½온스를 넣은 후<U+00A0>차갑게 만든 미네랄 워터를 가득 담은 다음 레몬 슬라이스로 장식한다."
"88",88,"위스키 플로트 [   Whishkey Float ]","약 13˚","위스키","쓴맛","'띄운다'란 의미를 지니고 있는 '플로트(Float)' 스타일의 롱 드링크이다. 심플한 기법으로 만드는 세련된 칵테일로 쓴맛이 많이 난다. 위스키와 미네랄 워터의 비중 차이로 인해 두 층으로 분할된 미묘한 모습은 보는 맛까지 한 몫 더해 준다. 아름다운 층을 만드는 비결은 위스키를 따를 때 가능한 천천히 따르는 것이다. 얼음을 넣은 하이 볼 글라스에 미네랄 워터를 70% 정도를 넣고, 위스키 1½온스를 천천히<U+00A0>따라서 만든다."
"89",89,"유키구니 [   Yukiguni ]","약 30˚","보드카","조금 쓴맛","1958년 고토보키야(㈜산토리의 전신)가 주최한 칵테일 경연대회에서 1위에 오른 칵테일이다. 야마가타현의 이야마케이치씨의 작품이다. 눈을 상징하는 설탕 장식과 글라스 안의 민트 체리의 녹색이 눈이 내린 아름다운 모습을 훌륭하게 표현하고 있다. 이름도 좋고 현재까지도 많은 팬을 확보하고 있는 칵테일 중 하나이다. 하지만 아름다운 모습과는 달리 알코올 도수가 상당하기 때문에 마실 때 주의해야 한다.셰이커에 얼음과 보드카 1½온스, 화이트 퀴라소 ½온스, 라임 주스 ⅓온스를 넣고 잘 흔든 다음 설탕으로 플로트 해 놓은 올드 패션드 글라스에 따르고 민트 체리를 넣는다."
"90",90,"줌 칵테일 [   Zoom Cocktail ]","약 20˚","브랜디","부드러운 단맛","'줌(Zoom)'이라는 것은 물체가 급상승할 때에 나는 의성이다. 줌 칵테일은 벌꿀을 사용하였기 때문에 날아오르는 벌의 '날개소리'를 의미한다고 할 수 있다. 깊은 맛이 나기 때문에 식후주에 적합하다. 베이스를 위스키로 바꾸면 위스키 줌 칵테일, 진으로 바꾸면 진 줌 칵테일이라는 이름이 된다. 브랜디 1온스, 벌꿀 ½온스, 생크림 ½온스와 얼음을 셰이커에 넣고 충분히 흔든 후 글라스에 따른다. 벌꿀을 사용했기 때문에 충분히 흔들어야 한다."
"91",91,"진 리키 [   Gin Rickey ]","약 14˚","진","새콤한 맛","워싱턴DC 로비스트였던 조 리키(통칭 짐)가 마음에 들어했던 슈메카즈 레스토랑에서 고안했던 칵테일로 시지만 깔끔한 맛이 난다.<U+00A0>부드럽게 입에 닿는 느낌을 좋아하는 사람에게 추천한다. 하이 볼 글라스에 라임 즙을 짜서 넣고, 짠 라임을 그대로 담근다. 드라이 진 1온스, 라임 주스 ½온스와 얼음을 넣는다. 여기에 찬 소다수를 적당히 채운다.
- 레몬 웨지(Lemon Wedge)<U+00A0>: 레몬을 ¼등분하고 그것을 다시 ¼등분하여 초승달 모양으로 얇게 썬 조각을 말한다."
"92",92,"진 앤 잇 [   Gin & It ]","약 33˚","진","약간 단맛","진 이탈리안이라고도 한다. 잇(it)은 영어의 지시대명사가 아니고, 스위트 베르무트의 옛날 이름이었던 이탈리안 베르무트(Italian Vermouth)의 약어이다. 드라이 진과 단맛이 나는 스위트 베르무트를 사용한다. 프랑스에서 주로 생산되는 쓴맛의 드라이 베르무트를 사용하면, 진 앤 프렌치가 된다. 드라이 진 1½온스, 스위트 베르무트 1½온스를 차분히 글라스에 따른다. 얼음을 사용하지 않는 것이 특징이다."
"93",93,"진 토닉 [   Gin & Tonic ]","약 14˚","진","진의 맛이 강함","진을 베이스로 한 롱 드링크 스타일의 칵테일이다. 진의 깊은 맛에 토닉워터를 첨가하여 끝 맛은 깔끔하다. 최근, 이런 진 드링크에 소다수를 소량 넣은 진 소닉이라고 불리는 칵테일이 인기를 얻고 있다. 얼음을 넣은 하이 볼 글라스에 드라이 진 45㎖를 따른 다음 토닉워터로 잔을 채운다. 글라스 가장자리를 레몬이나 라임으로 장식한다."
"94",94,"체리 블로섬 [   Cherry Blossom ]","약 30˚","리큐어","단맛","벚꽃을 형상화해서 만든 일본산 칵테일이다. 체리 브랜디를 베이스로 일본인 타오오사부로씨가 고안한 칵테일이다. 완성된 칵테일의 색은 일본의 벚꽃 보다는 미국의 체리 색에 가깝다. 맛은 약간 진하지만 향기는 더없이 상큼하다. 셰이커에 얼음과 체리 브랜디 1온스, 브랜디 ½온스, 오렌지 퀴라소 ⅓온스, 그레나딘 시럽 ⅓온스, 레몬 주스 ⅓온스를 넣고 잘 흔든 다음 칵테일 글라스에 따른다."
"95",95,"치치 [   Chi chi ]","약 7˚","보드카","파인애플과 우유 맛","치치라는 것은 미국의 속어로 '세련된' 또는 '멋진'이라는 의미이며, 프랑스어로는 '융숭한 대접'을 가리킨다. 하와이에서 태어난 트로피컬 칵테일이다. 파인애플 주스와 코코넛 밀크를 많이 사용했기 때문에 파인애플 향이 강한 우유 맛이 난다. 보드카를 럼(화이트)으로 바꾸면 피나 콜라다가 된다. 블렌더에 얼음과 보드카 1온스, 파인애플 주스 2온스, 코코넛 밀크 1온스를 넣고 흔든다. 크러시드 아이스를 가득 채운 글라스에 칵테일을 따르고 파인애플, 마라스키노 체리, 계절 꽃을 장식하고 빨대를 꽂는다."
"96",96,"카페 로열 [   Cafe Royal ]","약 20˚","브랜디","약간 단 커피맛","카페 로열이라는 것은 '왕족의 커피'라는 의미이다. 나폴레옹이 자주 마셨다는 칵테일이다. 특징은 카페 로열용 스푼을 컵에 걸치고, 각설탕을 올린 후 그 위에 브랜디를 붓고 불을 붙이는 것이다. 푸른 불빛이 올라오며 흔들리기 시작할 때 주변의 불빛을 없애면 환상적인 분위기가 연출된다. 브랜디 1티스푼, 각설탕 1개, 핫 커피 적당량이 필요하다. 따뜻한 커피잔에 뜨거운 커피를 따른다. 카페 로열용 티스푼을 컵에 걸친 다음 스푼 위에 각설탕 1개를 올려 놓는다. 각설탕<U+00A0>위에 브랜디 1티스푼을 붓고 불을 붙인다."
"97",97,"캄파리 앤 소다 [   Campari & Soda ]","약 10˚","리큐어","씁쓸한 맛","이탈리아의 대표적인 리큐어인 캄파리에 소다수를 가미한 인기 있는 칵테일이다. 롱 드링크 스타일로는 드물게 식전 칵테일이다. 본 고장 이탈리아에서는 붉은 글라스를 지중해의 태양으로 간주하고 한숨에 다 마시는 것이 원칙이라고 한다. 캄파리 특유의 강한 쓴맛과 소다수의 탄산이 식욕을 돋구어주기 때문에 유럽의 레스토랑에서는 식전주로 인기가 높다. 최근에는 파티석상의 드링크나 스포츠 후에도 즐겨 마시고 있다. 얼음을 넣은 하이 볼 글라스에 캄파리를 따르고 소다수를 채운 다음 조각으로 자른 오렌지나 슬라이스 한 것을 사용해 장식한다."
"98",98,"캄파리 앤 오렌지 [   Campari & Orange ]","약 10˚","리큐어","조금 쓴맛","이탈리아의 대표적인 리큐어인 캄파리에 오렌지 주스를 가미한 인기 있는 칵테일이다. 약초를 넣어 만든 캄파리 특유의 강한 쓴맛을 오렌지 주스의 새콤달콤한 맛이 순화시켜서 식전은 물론 일상적인 드링크로도 폭넓은 계층에서 사랑받고 있다. 각자 기호에 따라 캄파리의 양을 조절할 수 있다. 칵테일의 붉은 색과 오렌지 장식과의 색 대비도 아름답다. 얼음을 넣은 하이 볼 글라스에 캄파리 1~½온스, 오렌지 주스 적당량을 따르고 가볍게 저은 다음 오렌지 슬라이스나 오렌지 조각으로 장식한다."
"99",99,"캘리포니아 레모네이드 [   California Lemonade ]","약 13˚","위스키","새콤달콤 함","푸른 하늘과 바다, 화창한 날씨<U+00A0>때문에 많은 젊은이들이 모이는 미국 서해안의 캘리포니아 주의 이름을 붙인 칵테일이다. 이름 그대로 캘리포니아의 쾌청한 이미지를 떠올릴 수 있을 만큼 상큼한 맛이 난다. 레몬, 라임의 향과 등과 약간 취할 정도의<U+00A0>소다수가 산뜻하게 입에 달라붙는 역할을 한다. 버번의 향기로운 향과 레모네이드의 신맛이 조화를 이루어 새콤달콤한 맛을 동시에 즐길 수 있는 칵테일이다. 소다수를 제외한 재료들을 얼음과 함께 셰이커에 넣고 흔든 후 콜린스 글라스에 따른다. 소다수를 가득 채우고 잘라 놓은 레몬 슬라이스로 장식한다."
"100",100,"코스모폴리탄 [   Cosmopolitan ]",NA,"보드카","깔끔하면서 약간 새콤한 맛","코스모폴리탄은 도회적이면서 세련된 맛의 칵테일로 각각의 재료가 서로 잘 어울림으로써, 요즘 들어 유행하는 모던 스타일의 칵테일이다. 위의 방법 외에도 다른 유형의 칵테일도 있다."
"101",101,"쿠바 리버 [   Cuba Libre ]","약 12˚~16˚","럼","깔끔한 맛","1902년, 스페인의 식민지였던 쿠바의 독립운동 당시에 생겨난 ""Viva Cuba Libre (자유 쿠바 만세)""라는 표어에서 유래된 이름이다. 이 표어는 독립 후에도 쿠바에서 건배 할 때 쓰는 합창으로 남아 있다가 그대로 칵테일의 이름이 되었다고 한다. 'Cuba Libre'는 영어식으로 읽으면 쿠바 리버이고, 스페인식으로 읽으면 쿠바 리브레이다. 쿠바 리버는 당시 독립전쟁을 지원하기 위하여 하바나에 주둔해 있던 미군 소위가 술집에서 우연히 럼에 콜라를 넣어 마신 것에서 탄생해서 유행한 칵테일로 남미지역을 중심으로 더운 지역에서 흔히 마신다. 쿠바산 럼에 미국산 콜라를 넣어 양국의 연대감을 나타낸 것이 이 칵테일로 정치적인 의미가 짙다. 현재는 소원해진 양국 관계처럼 쿠바에서 사랑받는 칵테일은 아니다. 쿠바 리버는 얼음을 넣은 하이 볼 글라스에 화이트 럼 1~1½온스에 라임 주스 ½온스를 넣고 콜라 적당량을 채운 후 잘 저어주고 레몬 또는 라임 조각으로 장식한다. 럼 특유의 달콤한 향기에 콜라의 단 맛과 라임의 신 맛이 가미되어 상큼함을 더한다. 럼 대신에 리큐어를 넣으면 '쿠바 리버 슈브림'이라는 칵테일이 된다."
"102",102,"클래식 [   Classic ]","약 26˚","브랜디","약간 단맛","글라스 가장자리에 설탕을 묻혀 단맛이 나기 때문에 클래식이라는 이름 그대로 고전적인 느낌을 준다. 오렌지 퀴라소(Curacao)와 마라스키노(Maraschino)를 사용하기 때문에 다소 단맛이 강하게 느껴진다. 기호에 따라 스노우 스타일로 하지 않고 레몬을 짜서 넣고 장식해도 된다. 식후에 마시기 적합한 칵테일이다. 셰이커에 브랜디 1온스, 오렌지 퀴라소 ⅓온스, 마라스키노 ⅓온스, 레몬 주스 ½온스와 얼음을 넣고 흔든다. 스노우 스타일의 글라스에 재료를 따른다."
"103",103,"키르 [   Kir ]","약 14˚","와인","조금 쓴맛","프랑스 부르고뉴 지방의 디종시에서 시장을 지낸 캐농 패릭스 키르가 고안한 칵테일이다. 키르는 1945년부터 20년 이상 디종시의 시장을 지낸 사람으로, 89세에 5번째 시장 당선시 14세 아래인 스태프가 '나이가 너무 많다'며 제외시킨 일화로 유명하다. 대단한 미식가였던 키르는 보르고뉴 지방 특산물인 신맛이 강하고 쌉쌀한 와인을 보다 맛있게 마실 수 있도록 한 처방이었다. 칵테일 키르는 화이트 와인의 매출증가를 가져와 경제 발전에도 크게 공헌했다. 화이트 와인의 풍미에 크렘 드 카시스의 향기와 단맛이 섞여서 우아한 맛으로 마무리된다. 식전주로써 최적의 칵테일이다. 와인 글라스에 차갑게 식힌 화이트 와인 4온스, 크렘 드 카시스 크림 ⅓온스를 부은 다음 가볍게 젓는다. 화이트 와인의 맛을 살리기 위해 크렘 드 카시스는 많이 넣지 않는다. 와인 대신에 샴페인을 사용하면 '키르 로열(Kir Royal)'이 된다."
"104",104,"키스 오브 파이어 [   Kiss of Fire ]","약 25˚","보드카","새콤한 맛","1955년에 개최되었던 제5회 일본바텐더경연대회에서 1위를 차지했던 칵테일이다. 이시오가켄지[石岡賢司]가 만든 작품이다. 화려한 붉은색에<U+00A0>스노우 스타일로 연출한 아름다운 칵테일이다.<U+00A0>글라스 가장자리에 레몬즙을 적신 후<U+00A0>설탕을 묻히는 것이 포인트이다.<U+00A0>비교적 단맛이 나지만, 슬로 진(Sloe Gin)과 드라이 베르무트(약초 와인)의 떫은 듯한 맛이 가미되어 독특하다.<U+00A0>셰이커에 얼음과 보드카 1온스, 슬로 진 ½온스, 드라이 베르무트 ½온스, 레몬 주스 ½온스를 넣고 흔든 다음 스노우 스타일의 칵테일 글라스에 따른 후 슈가 리밍으로 장식한다.
- 슈가 리밍 : 컵 가장자리에 설탕을 묻히는 기법"
"105",105,"탱고 [   Tango ]","약 27˚","진","약간 단맛","탱고라는 것은 댄스 스텝의 하나로 그 스텝의 복잡함을 5종류의 재료로 표현한 칵테일이다. 베이스인 드라이 진과 쓴맛과 단맛이 나는 베르무트가 훌륭한 조화를 이루어 보조를 맞추고, 그것을 오렌지 풍미가 부드럽게 감싸안는다. 셰이커에 드라이 진 1온스, 드라이 베르무트 ½온스, 스위트 베르무트 ½온스, 오렌지 퀴라소 ⅓온스, 오렌지 주스 2대시를 넣고 흔든 다음 글라스에 따른다."
"106",106,"테킬라 선라이즈 [   Tequila Sunrise ]","약 12˚","테킬라","달콤한 맛","테킬라의 고향인 멕시코의 '일출'을 형상화해서 만든 롱 드링크 칵테일이다. 비슷한 칵테일로 쇼트 드링크인 선 라이즈가 있다. 오렌지 주스와 그레나딘 시럽이 만들어 내는 색이 인상적인 일출을 표현하고 있다. 붉은 색에서 오렌지 색으로 그러데이션 되는 비밀은 그레나딘 시럽에 있다. 테킬라와 오렌지 주스 사이에 천천히 그레나딘 시럽을 부으면 질량이 큰 시럽이 아래쪽에 쌓이면서 절묘한 색배합을 만들어 내게 된다. 얼음을 넣은 글라스에 테킬라 1~1½온스, 오렌지 주스 3온스를 부은 다음 천천히 그레나딘 시럽 ½~⅓온스를 넣고 오렌지 조각과 체리로 장식한다."
"107",107,"테킬라 선셋 [   Tequila Sunset ]","약 15˚","테킬라","약간 신맛","테킬라 선 라이즈에서 오렌지 주스를 레몬 주스로 바꾼 칵테일이다. 멕시코의 아름다운 '석양'을 표현한 롱 드링크이다. 바 블렌더(믹서)를 사용한 프로즌 스타일로, 그레나딘 시럽이 자아내는 엷은 핑크 색이 산뜻하다. 레몬 주스의 신맛을 통해 상쾌함을 즐길 수 있다. 바 블렌더에 크러시드 아이스(잘게 부순 얼음)와 테킬라 1온스, 레몬 주스 ½온스, 그레나딘 시럽 2티스푼을 넣고 섞은 다음 차갑게 식힌 글라스에 따라 슬라이스 레몬으로 장식한다."
"108",108,"톰 앤 제리 [   Tom And Jerry ]","약 20˚","럼","약간 달콤한 맛","미국 남부지방에서 옛날부터 마셔온 뜨거운 드링크이다. 원래는 크리스마스 용이었는데 현재는 자양강장 드링크로 마시고 있다. 이 칵테일은 특정 만화와는 무관하다. 19세기말 명 바텐더였던 제리 토마스가 처음에 '코펜하겐'이라는 이름으로 발표했는데 동명의 칵테일이 있어서 자신의 이름을 앞 뒤로 바꿔 만든 이름이다. 처음에 달걀 노른자와 흰자를 따로 거품을 내는 것이 포인트이다. 감기에 걸렸을 때 마시면 좋다. 달걀 노른자에 설탕 2티스푼을 넣어 거품을 내고 여기에 거품을 낸 달걀 흰자를 넣은 다음 럼과 브랜디를 붓고 가볍게 저어서 하이 볼 글라스에 따르고 더운물을 채운다."
"109",109,"톰 콜린스 [   Tom Collins ]","약 16˚","진","깔끔한 맛","19세기 초에 만든 칵테일로 처음에는 만든이의 이름을 붙여 존 콜린스라고 붙였지만, 그 후 영국산 올드 톰 진을 베이스로 했기 때문에 지금의 이름으로 변경되었다. 1930년대 이후는 드라이 진을 베이스로 사용하는 경우가 많다. 셰이커에 드라이 진 1½~2온스, 레몬 주스 ½온스, 설탕시럽 1티스푼을 넣고 흔든 다음 글라스에 따른다. 글라스에 얼음을 넣은 후 차가운 소다수로 가득 채운 후, 두 세번 저어준다. 레몬과 체리로 장식한다."
"110",110,"파라다이스 [   Paradise ]","약 25˚","진","살구향이 강한 산뜻한 맛","파라다이스는 '낙원'이라는 뜻으로 그 이름에 걸맞은 부드러움과 밝음을 표현한 매력적인 칵테일이다. 에프리코트 브랜디의 맛이 포인트로 단맛을 즐기고 싶을 때는 재료들을 1/3씩만 넣어도 좋다. 쓴맛을 즐기고 싶을 때는 드라이 진의 분량을 더 많이 넣으면 된다. 자신이 좋아하는 맛을 발견하는 것도 이 칵테일을 즐기는 방법 중의 하나이다. 셰이커에 드라이 진 1온스, 에프리코트 브랜디(Apricot Brandy) ½온스, 오렌지 주스 ½온스와 얼음을 넣고 흔든 다음 글라스에 따른다."
"111",111,"파인애플 피즈 [   Pineapple Fizz ]","약 15˚","럼","깔끔한 맛","파인애플 주스를 사용한 피즈 스타일의 롱 드링크이다. 일반적으로 피즈는 술, 설탕, 레몬 주스를 잘 흔든 다음 소다수를 넣어 만드는데, 이 칵테일은 레몬 주스 대신에 파인애플 주스를 사용한 것이 특징이다. 셰이커에 화이트 럼 1½온스, 파인애플 주스 ⅔온스, 설탕 1티스푼을 넣어 잘 흔든 다음 글라스에 붓고 얼음과 소다수를 채운다. 장식은 파인애플, 붉은 체리를 칵테일 핀에 끼워 글라스에 걸쳐 놓는다."
"112",112,"피냐 콜라다 [   Pina Colada ]","약 10˚","럼","달콤한 맛","1970년 카리브 해에 있는 푸에르토리코에서 탄생한 칵테일로 플로리다의 마이애미에서 뉴욕에 이르기까지 크게 유행했다. 현재는 트로피컬 칵테일의 표준이 되고 있다. 크러시드 아이스(잘게 부순 얼음)와 계절 꽃이나 과일 장식이 보기에도 좋고 시원하다. 베이스를 화이트 럼 대신에 보드카로 바꾸면 하와이에서 탄생한 '치치(Chi Chi)'라는 트로피컬 칵테일이 된다. 셰이커에 얼음과 화이트 럼 1온스, 파인애플 주스 2온스, 코코넛밀크 1온스를 넣고 잘 흔든 다음 크러시드 아이스를 채운 트로피컬 글라스에 따르고 계절 꽃이나 과일로 장식한다."
"113",113,"핑크 레이디 [   Pink Lady ]","약 20˚","진","약간 단맛","1912년 영국 런던의 한 극장에서 '핑크 레이디'라는 연극이 공연되었는데 대단한 흥행을 거두었다고 한다. 성공적으로 공연을 마치고 열린 파티에서 여주인공 헤이즐 돈에게 바쳐진 칵테일이다. 아름다운 핑크색인데다가 그레나딘 시럽의 단맛이 진의 쓴맛을 감소시키고 계란 흰자가 목넘김을 부드럽게 하여 여성들에게 인기가 좋다.<U+00A0>셰이커에 드라이 진 1온스, 그레나딘 시럽 ⅓온스, 생크림 ½온스와<U+00A0>얼음을 넣은 다음 계란 흰자 1개를 넣어 만든다. 셰이크할 때는 계란 흰자와 재료가 잘 섞이도록 충분히 흔들어 주어야 한다. 완성되면<U+00A0>샴페인 글라스에 따른다. 여기에 탄산음료를 넣으면 핑크 진 피즈(Pink Gin Fizz), 생크림을 넣으면 핑크 로즈(Pink Rose), 그레나딘 시럽 1티스푼을 더 넣으면 페어리 벨(Fairy Bell)이라는 칵테일이 된다. 
- 너트메그(Nutmeg) : 비릿한 냄새를 제거해 주는 향신료.(육두구 열매)"
"114",114,"하비 월뱅어 [   Harvey Wallbanger ]","약 15˚","보드카","깔끔한 맛","캘리포니아의 서퍼였던 하비가 경기에서 지고 마음을 달래기 위해 마신 칵테일이라고 한다. 이 칵테일을 마시고 취해서 벽에 부딪히며 돌아가는 그를 가르켜 사람들이 '벽에 부딪히는 하비'라고 부른 것이 이름의 유래가 되었다. 스크류 드라이버에 갈리아노(Galliano, 약초·향초 리큐어)를 첨가한 칵테일인데, 갈리아노는 가장 나중에 띄우듯이 따르는 것이 포인트이다. 콜린스 글라스에 큐브드 아이스와 보드카 1½온스, 오렌지 주스 적당량 넣고 바스푼으로 가볍게 젓는다. 여기에 갈리아노 ½온스를 띄우듯이 따르고 오렌지 조각으로 장식한다."
"115",115,"하와이안 [   Hawaiian ]","약 20˚","진","달콤하면서 상큼한 맛","하와이의 칵테일이라는 이름 그대로 상큼한 맛을 느낄 수 있는 칵테일이다. 오렌지의 달콤한 맛이 많이 느껴지는 부드러운 칵테일인데, 드라이 진의 배합을 늘리면 쓴 맛이 강한 '훌라 훌라'라는 칵테일이 된다. 셰이커에 드라이 진 1½온스, 파인애플 주스 ⅔온스, 오렌지 퀴라소 ½온스와 얼음을 넣고 흔든 다음 글라스에 따른다."
"116",116,"핫 버터드 럼 [   Hot Buttered Rum ]","약 15˚","럼","조금 쓴맛","럼과 버터의 농후한 향기가 몸도 마음도 따뜻하게 하기 때문에 추운 겨울날이나 감기 기운이 있을 때 어울리는 칵테일이다. 이탈리아에서 처음 만들어졌고 옛날부터 애음되어 왔다. 기호에 따라 클로브(정향)을 넣어도 좋다. 반드시 내열 글라스를 사용해야 한다. 또 머들러나 롱 스푼을 같이 곁들여야 한다. 따뜻하게 데운 하이 볼 글라스에 뜨거운 물을 조금 붓고 각설탕 1개를 넣어 완전히 녹인다. 그 다음으로 화이트 럼 1~1½온스를 붓고 나머지는 뜨거운 물을 채워 가볍게 저은 다음 위에 버터를 살짝 띄운다. 기호에 따라 레몬 조각이나 클로브(정향)를 띄울 수도 있다. 뜨거운 물 대신에 뜨거운 우유를 넣으면 한 층 감칠맛 나는데 이 경우 '핫 버터드 럼 카우'라는 칵테일이 된다."
"117",117,"핫 위스키 토디 [   Hot Whisky Toddy ]","약 30˚","위스키","약간 쓴맛","위스키를 베이스로 한 토디 스타일의 핫 드링크로 추운 날 마시기에 좋은 칵테일이다. 비슷한 종류로 찬 물을 사용하는 위스키 토디가 있다. 핫 위스키 토디에<U+00A0>넣는 클로브(정향 나무의 꽃봉오리를 말려서 만든 향신료)는 한방에서 중요한 향신료로 구취를 제거하고 위를 튼튼하게 하며 강장 등에 효과가 있다고 한다. 기호에 따라 시나몬 스틱을 첨가해도 좋다. 하이 볼 글라스 또는 올드 패션드 글라스에 각설탕 1개를 뜨거운 물을 약간 넣고 녹인다. 여기에 아메리칸 위스키 1½온스를 넣고 열탕을 한 후 레몬 슬라이스와 클로브 2~3개로 장식한다."
"118",118,"허니문 [   Honeymoon ]","약 25˚","브랜디","과일향이 많이 나 깔끔함","'신혼여행'이라는 이름이 붙은 칵테일이다. 별명이 파머스 도터(Farmer's daughter), 즉 농부의 딸이라는 것이 재미있다. 브랜디 자체의 달콤한 향이 전해져 신혼의 달콤한 무드에 가장 잘 맞는다고 한다. 이것과 닮은 칵테일에 파머스 와인(별명 스타 칵테일)이 있다. 셰이커에 애플 브랜디 1온스, 베네딕틴(Benedictine) 1온스, 레몬 주스 ½온스, 트리플섹 1티스푼과 얼음을 넣고, 흔든 다음 글라스에 따른다."
"119",119,"헌터 [   Hunter ]","약 33˚","위스키","약간 단맛","헌터는 짐승을 사냥하는 사냥꾼의 의미가 아닌 도시의 밤을 사냥한다는 뜻으로 바람둥이들이 여자들을 유혹할 때 많이 마시는 칵테일이다. 라이 위스키와 체리 브랜디만을 재료로 사용하여 만드는 법은 간단하지만, 위스키의 깊은 맛과 체리 브랜드의 단맛이 가미되어<U+00A0>감칠맛이 나기 때문에 대중에게 인기가 높다.<U+00A0>라이 위스키 1½온스, 체리 브랜드 ½과 얼음을 믹싱 글라스에 넣고 저은 다음 칵테일 글라스에 따른다. 셰이크 기법으로 만드는 경우도 종종 있다."
"120",120,"홀 인 원 [   Hole in One ]","약 30˚","위스키","새콤함과 스카치 위스키의 쓴맛","골프 용어로 골프공이 한 타만에 홀에 들어가는 것을 말하는데, 골프를 치는 사람이라면 누구라도 한번쯤은 해보고 싶은 홀 인 원의 기원을 담아 만들어진 칵테일로 골퍼라면 한번쯤 맛보고 싶은 칵테일이다. 위스키 베이스인 맨해튼에 레몬 주스와 오렌지 주스를 첨가한 변형시킨 칵테일로 알코올이 강하다. 처음 만들어진 곳도 맨해튼처럼 미국이며, 식전에 마시면 좋은 칵테일이다. 스카치 위스키 1½온스, 드라이 베르무트 ½온스, 레몬 주스 1티스푼, 오렌지 비터 1대시,<U+00A0>얼음은 셰이커에 넣고 흔든 다음 칵테일 글라스에 따른다.
- 오렌지 비터 : 강도가 높은 술에 오렌지 껍질과 향초류를 담가 맛과 향을 우려내는 양념용 리큐어를 말한다."
"121",121,"홀스 네크 [   Horse's Neck ]","약 10˚","브랜디","깔끔한 맛","잔에 걸친 레몬필의 모양이 '말의 목'같다고 하여 이름 붙여졌다고 한다. 레몬껍질을 나선형으로 벗겨 말 머리처럼 보이게 하는 것이 중요하다. 브랜디와 진저 에일(Ginger Ale)만으로 만든 칵테일을 브랜디 호세스 네크이라고도 부른다. 베이스가 변경되는 경우가 있는데, 사용된 베이스에 따라 위스키 호세스 네크, 진 호세스 네크라고 이름이 바뀐다. 글라스에 레몬필을 나선형으로 벗겨서 넣은 후, 브랜디 1½온스를 넣고 아주 차게한 진저 에일을 가득 채운다."
"122",122,"화이트 레이디 [   White Lady ]","약 30˚","진","약간 쓴맛","'하얀 귀부인'이라고 하는 멋진 이름의 칵테일이다. 일반적으로는 진 사이드카라고 불리며, 많은 사람들에게 친숙한 칵테일이다. 처음에는 크렘 드 민트(페퍼민트 리큐어)를 베이스로 사용했지만, 1925년 경부터 드라이 진을 베이스로 사용하게 되었고 그 후로 대중적인 칵테일이 되었다. 셰이커에 드라이 진 1온스, 코앙트로 ½온스, 레몬 주스 ½온스와 얼음을 넣고 흔든 후 글라스에 따른다."
